TC ID,단위,시나리오,케이스 ID,관련 화면,참여 역할,사전조건,절차,기대결과 (고객),기대결과 (어드민·시스템),통지,우선,결과,비고
I-A-01,① 가입 및 로그인,초대부터 로그인까지 정상 완주,AC-01→AC-03,ADM-03 · ONB-00~03 · AUTH-01~02 · DASH-01,관리자 · 가입자,커스터디 온보딩 완료된 기관 1곳,ADM-03에서 기관명·이메일·customerNo·수탁 지갑 주소 입력 후 [초대 발송] → 메일 링크 클릭 → 비밀번호 설정 → 2FA 앱 연결 → 복구 코드 저장 → 로그인 → 2차 인증,계정이 활성 상태가 되고 DASH-01에 진입한다,기관·가입자가 생성되고 기관 상태 초기값이 활성. 식별자는 customerNo 하나,초대 메일,P0,,
I-A-02,① 가입 및 로그인,초대 링크 만료 후 재발송,AC-02,ONB-04 · ADM-03,관리자 · 가입자,초대 발송 후 72시간 경과,만료된 링크 클릭 → 관리자가 ADM-03에서 [초대 재발송] → 새 링크로 활성화,ONB-04 만료 배너를 본 뒤 새 링크로 정상 활성화된다,기록이 남고 목록 상태 칩이 갱신된다,초대 메일 재발송,P0,,
I-A-03,① 가입 및 로그인,초대 링크 1회용 확인,AC-02,ONB-04,가입자,활성화 완료,같은 초대 링크를 다시 클릭,ONB-04가 열리고 재활성화되지 않는다,기존 계정에 영향 없음,없음,P0,,
I-A-04,① 가입 및 로그인,활성화 중도 이탈 후 재개,AC-03,ONB-01~03,가입자,ONB-01 완료 후 브라우저 종료,초대 링크 재클릭,진행 중이던 지점(ONB-02)으로 재개된다. 비밀번호를 다시 설정하는 동선은 없다,재개 지점이 서버에 기록되어 있다,없음,P0,,
I-A-05,① 가입 및 로그인,로그인 실패 누적 잠금과 해제,AC-04→AC-05,AUTH-01~03 · ADM-02 ④,가입자 · 관리자,활성 계정,비밀번호·2FA·복구 코드 실패를 합산 5회 발생 → 관리자가 ④ [확인] → 콘솔 밖 본인확인 → [조치 완료 · 해제] → 재로그인,잠금 배너를 보다가 해제 후 기존 비밀번호·OTP로 로그인이 재개된다,④ 알림에 T8 행 생성 → 종결(해제). 실패 카운트 0. 관리자 ID·시각이 확인 기록으로 남는다,계정 잠금 알림 메일 [확인필요],P0,,
I-A-06,① 가입 및 로그인,탈취 의심 잠금 유지와 이관,AC-06→AM-05→AC-08,AUTH-01 · ADM-02 ③④ · EXC-04 · BRK-05,관리자,잠금 상태 + 해당 기관의 ①② 대기 건 존재,④ [조치 완료 · 잠금 유지·이관] + 사유 입력,로그인 불가가 유지된다. 이관 사실은 통지하지 않는다,③ AML 행 생성 · 커스터디 통보 · ①② 대기 건 일괄 거절. 이 시스템은 기관 상태를 바꾸지 않는다,일괄 거절 건에 대해서만 이메일 ⑤,P0,,
I-A-07,① 가입 및 로그인,복구 코드 인증 경로,AC-03,AUTH-01~03 · DASH-01,가입자,2FA 앱 분실 가정,로그인 → AUTH-02에서 [복구 코드로 인증] → AUTH-03에서 복구 코드 입력 → [인증],세션이 생성되어 DASH-01에 진입하고 2FA 재설정 권고 배너가 보인다. 2FA는 초기화되지 않는다,세션 생성 기록,없음,P0,,
I-A-08,① 가입 및 로그인,기관 비활성 상태의 게이팅,AC-07,전 화면 · ADM-03,시스템 · 가입자,커스터디 customerStatusCd를 02 외 값으로 설정,로그인(T1 관문) → 각 거래 화면 진입,KYC 예외 배너가 전 화면에 보이고 EXC-01·BRK-02·BRK-03 버튼이 비활성. 조회는 가능하고 상태별 문구 차등은 없다,ORG.status가 조회값으로 갱신되고 감사로그에 조회 결과가 남는다. 처리함 행은 생기지 않는다,[확인필요],P0,,
I-A-09,① 가입 및 로그인,거래해지 수신,AC-09,ADM-03,시스템 · 관리자,customerStatusCd = 05,관문 조회 발생,AC-07과 동일하게 거래가 막힌다,"ADM-03에 회색 칩 ""05 거래해지"". 해지 절차·잔고 반환은 이 시스템 밖",없음,P1,,
I-A-10,① 가입 및 로그인,상태 변경 웹훅 부재 확인,AC-07,ADM-03,시스템,기관 상태 02 활성,커스터디에서 상태를 04로 변경한 뒤 아무 관문도 통과하지 않고 대기,즉시 반영되지 않는다,다음 관문 조회(로그인·요청·수락·ADM-03 진입) 시점에 반영된다. 기관 상태 변경 웹훅은 없다,없음,P0,,
I-A-11,① 가입 및 로그인,비밀번호 변경 후 재로그인,없음,DASH-02 · AUTH-01,가입자,로그인 상태,DASH-02에서 비밀번호 변경 → 로그아웃 → 새 비밀번호로 로그인,새 비밀번호로 로그인되고 이전 비밀번호는 거부된다,감사로그에 변경 기록,없음,P0,,
I-A-12,① 가입 및 로그인,2차 인증 재설정 완주,없음,DASH-03 · AUTH-02,가입자,로그인 상태,DASH-03 [재설정 메일 발송] → 메일 링크로 재설정 → 새 2FA로 로그인,새 2FA 코드로 로그인된다,재설정 기록,재설정 메일,P0,,
I-A-13,① 가입 및 로그인,감사로그 적재,없음,전 화면,시스템,①~⑫ 수행 후,감사로그 조회,해당 없음,로그인·로그아웃·비밀번호 변경·2FA 재설정·관리자 처리 액션에 관리자 ID와 시각이 남는다,없음,P1,,
I-B-01,② 교환하기(나목),나목 교환 정상 완주,EX-01·03·06·09·11·12,EXC-01~04 · ADM-02 ①② · DASH-01,고객 · 관리자 · 커스터디,기관 활성 · 재고 충분 · 시세 정상,EXC-01 요청 → 견적 산정 → EXC-02 [수락] → ADM-02 ① [승인] → ② 입고 txhash 입력 [완료] → 출고 txhash 입력 [완료],요청됨 → 비율 제시 → 진행 중 → 완료로 칩이 바뀌고 EXC-04에 완료 일시·발생 가스비·실수령 수량이 보인다. DASH-01 잔고 반영,① 행 생성 후 승인으로 제거. ② 입고·출고 2행 생성 후 대사 일치로 완료. 스프레드 수익이 구분회계에 기록되고 재고 차감 확정,이메일 ③,P0,,
I-B-02,② 교환하기(나목),고객 거절,EX-04,EXC-02 · EXC-04,고객,비율 제시 상태,EXC-02 [거절],확인 다이얼로그 없이 EXC-04 「거절 (고객 요청)」,종결 처리. 어드민 행 없음,이메일 ⑤,P0,,
I-B-03,② 교환하기(나목),수락 기한 만료,EX-05,EXC-02 · EXC-04,시스템 · 고객,비율 제시 상태,카운트다운 120초 경과까지 화면에 머무름 → 이탈 후 재진입 → EXC-01에서 재요청,"""만료됨 — 비율 무효""를 보고 재진입 시 EXC-04 「만료」. 재요청은 새 요청번호로 시작",서버 판정으로 종결,이메일 ⑥,P0,,
I-B-04,② 교환하기(나목),수락 시점 재검증 실패,EX-07·OP-02,EXC-02 · EXC-04 · ADM-02 ④,시스템 · 고객,요청 후 다른 거래로 재고 소진,EXC-02 [수락] 클릭,"""가용 재고 부족 · 비율 변동"" 안내와 [수락] 비활성. EXC-04 「만료」",요청 시점 게이트를 통과했어도 수락 시점에 다시 판정한다. 재고 부족이면 ④ 알림 N2 생성 이어서 ④ [확인] → [조치 완료 · 재고 보충 확인]으로 N2가 종결된다,없음,P0,,
I-B-05,② 교환하기(나목),관리자 보류 후 승인,EX-08→EX-09,EXC-03 · ADM-02 ①②,관리자 · 고객,① 승인 대기 행 존재,① [보류] + 사유 → 일정 시간 경과 → [승인],EXC-03의 진행 중 표시가 그대로 유지되고 보류 사실·사유·담당자가 보이지 않는다,HOLD로 유지되며 만료 시한이 없다. 승인 시 ② 2행 생성,없음,P0,,
I-B-06,② 교환하기(나목),관리자 보류 후 거절,EX-08→EX-10,EXC-04 · ADM-02 ①,관리자 · 고객,상동,① [보류] → [거절] + 사유,EXC-04 「거절 (DSRV 심사)」와 일반화 사유 배너만 보인다. 구체 사유는 없다,종결(거절). 되돌릴 수 없다,이메일 ⑤,P0,,
I-B-07,② 교환하기(나목),AML 사유 거절과 ③ 연계,EX-10→AM-05,ADM-02 ①③ · EXC-04,관리자,① 승인 대기 행 존재,AML 사유로 ① [거절],일반화 사유만 보인다,③ AML에 STR 검토 건이 자동 생성된다,이메일 ⑤,P0,,
I-B-08,② 교환하기(나목),시세 소스 중단과 복구,EX-02·OP-01,EXC-01 · BRK-02 · BRK-03 · ADM-02 ④,시스템 · 관리자,진행 중 거래 1건 보유,시세 무수신 임계 경과 → 신규 요청 시도 → ④ [확인] → [조치 완료 · 정상 수신 확인],배너와 함께 신규 요청·게시·신청 버튼이 비활성. 진행 중 건은 영향 없음. 종결 후 차단 해제,④ 알림 N1이 에스컬레이션으로 생성된다. 대체 소스로 넘기지 않고 차단을 유지한다,없음,P0,,
I-B-09,② 교환하기(나목),가용 재고 부족 차단,EX-02,EXC-01,시스템 · 고객,가용 재고 0,EXC-01 진입,[거래 요청]이 비활성이고 요청 레코드가 만들어지지 않는다,어드민 행 없음. 가용 재고 = 잔고 − 집행 대기 예약,없음,P0,,
I-B-10,② 교환하기(나목),집행 대사 불일치와 정정,EX-13·OP-03,ADM-02 ②④ · EXC-03,관리자 · 시스템,② 집행 행 존재,명세와 다른 txhash 입력 후 [완료] → ④ [확인] → 정정·재집행 → [조치 완료 · 정정 완료 재대사],거래 상태가 유지되고 정지 사실을 알리지 않는다,완료 차단·행 정지·txhash 필드 경고. ④ 알림 N3 생성. 조치 완료 시 ② 행 재활성. 실패로 끝나지 않고 정정·재집행으로 완결,없음,P0,,
I-B-11,② 교환하기(나목),커스터디 거래 위험 중지 수신,2026-09-07(22),ADM-02 ②· EXC-04,시스템 · 관리자,미집행 ② 행 존재,커스터디가 해당 건 번호로 중지 상태 웹훅 발신,"거래가 거절되고 ""진행 불가"" 안내를 본다",미집행 ② 행 거절·거래 거절. 페이로드는 건 번호와 상태값만이며 사유·단계가 없다,이메일 ⑤,P0,,
I-B-12,② 교환하기(나목),커스터디 해제 수신,2026-09-07(23),ADM-02,시스템,중지로 거절된 건 존재,커스터디가 해제 상태 웹훅 발신 이어서 이미 거절된 그 건에 중지 알림을 한 번 더 보낸다,복구되지 않으므로 재요청이 필요하다,기록만 남고 거절을 복구하지 않는다 거절된 건에 중지가 재통지돼도 기록만 남는다,없음,P0,,
I-B-13,② 교환하기(나목),웹훅 수신 실패 대비,2026-09-07(23),ADM-02 ②,시스템 · 관리자,웹훅 엔드포인트 장애 상태,커스터디 재시도 실패까지 유도,해당 없음,슬랙 통보 후 관리자가 [이전 중지]를 수동 수행한다. 되묻는 조회 API는 없다,슬랙,P1,,"[확인필요] adm-02 항목 11은 [이전 중지]가 ""마목 예치·인도 행에만 보인다. 나목 입고·출고 행에는 없다""이나 09 §0 (22)④는 웹훅 실패 시 관리자 수동 처리를 요구한다. 나목에 차단 수단이 없어 기획 결정 전까지 실행 불가"
I-B-14,② 교환하기(나목),기관 비활성 확인 시 일괄 거절,AC-08,ADM-02 ①② · EXC-04,시스템 · 관리자,해당 기관의 ①② 대기 건 다수,① [승인] 클릭 순간 관문 조회에서 02 외 값 확인 준비할 때 한 건은 서명·전송까지 마치고 txhash 미입력 상태로 둔다,EXC-04 「거절 (DSRV 심사)」와 일반화 사유만 보인다,"해당 기관 ① 행 전부 제거·종결, ② 미집행 행 제거. 집행 중인 콜드 이전은 대사 완료 후 정지 집행 중인 콜드 이전은 즉시 제거하지 않고 대사 완료 후 정지한다",이메일 ⑤,P0,,
I-B-15,② 교환하기(나목),정책값 변경의 소급 없음,EX-03,ADM-03 · EXC-02,관리자 · 고객,비율 제시 상태의 진행 건 보유,ADM-03에서 스프레드 변경 후 저장,진행 중 건의 확정 비율이 요청 시점 값 그대로 유지된다,"저장 배너 ""(vN) — 신규 요청부터 적용"". 신규 요청에만 새 값 반영",없음,P0,,
I-B-16,② 교환하기(나목),건별 한도 경계,EX-01,EXC-01,고객 · 시스템,시세 정상,한도 상당액 바로 아래 / 바로 위 수량으로 각각 요청,아래는 통과하고 위는 차단된다,요청 시점 KRW 시세로 환산하고 원 단위 절사,없음,P0,,
I-B-17,② 교환하기(나목),이상거래 룰 적중,AM-01→AM-04,ADM-02 ①③,시스템 · 관리자,자전·통정·위장게시 패턴 유도,룰 적중 → ③ [검토] → [무혐의 종결] + 사유,고객 화면에 아무 반영이 없다,③ T5 행 생성 + 연계 ① 행 에스컬레이션. 종결 시 에스컬레이션 표시 해제,없음,P0,,
I-B-18,② 교환하기(나목),지갑 3면 대사 불일치,OP-04,ADM-02 ④,시스템 · 관리자,대사 배치 실행,내부 장부·온체인·커스터디 콜드 기록 중 하나를 어긋나게 만듦 → ④ [확인·원인 규명] → [조치 완료 · 일치 확인] 이어서 그 지갑을 거치는 신규 이전을 시도한다,반영 없음,④ 알림 X3 생성. 대상은 고객 수탁·운영·나목 재고·에스크로 4묶음. 최신 배치가 일치일 때만 종결이 활성 해당 지갑의 신규 이전이 정지된다(정지 범위는 [확인필요]),없음,P1,,
I-C-01,③ 교환게시판(마목),마목 중개 정상 완주,PB-01·03 / ST-01·03·05·07·08,BRK-01~07 · ADM-02 ①② · DASH-01,게시자 · 신청자 · 관리자 · 커스터디,기관 2곳 활성 · 잔고 충분,A기관 BRK-02 게시 → B기관 BRK-03 신청 → A기관 BRK-04 [수락] → ADM-02 ① T2 [승인] → ② 예치 2건 완료 → 인도 2행 자동 생성 → 인도 2건 완료,"게재중 → 협의중 → 확정 → 완료. BRK-05 스텝 4 완료 배너, 양측 DASH-01 잔고 반영",① T2 행 생성 후 승인으로 제거. ② 예치 2행(수수료 포함) → 인도 2행 자동(수수료·가스 차감). 중개수수료가 인도 집행 시점에 구분회계로 기록된다,이메일 ①(게시자) → ②(양측) → ③(양측),P0,,
I-C-02,③ 교환게시판(마목),게시 게이트 실패,PB-02,BRK-02,시스템 · 게시자,처분 가능분 부족 / 시세 중단 / 기관 비활성 각각,BRK-02에서 [게시] 시도,인라인 경고 또는 상단 배너와 함께 버튼이 비활성,"게시가 생성되지 않는다. 시세 중단이면 ④ 알림 N1, 그 외는 행 없음",없음,P0,,
I-C-03,③ 교환게시판(마목),게시자 거절 후 재신청,PB-04,BRK-04 · BRK-06 · BRK-07 · BRK-01,게시자 · 신청자,협의중 상태,A기관 BRK-04 [거절] → C기관이 같은 게시에 신청,게시자는 게재중으로 복귀하고 신청자는 거절됨. BRK-01에 재노출되어 다른 기관이 신청할 수 있다,어드민 행 없음,[확인필요],P0,,
I-C-04,③ 교환게시판(마목),신청 유효기한 만료,PB-05,BRK-06 · BRK-07 · BRK-01,시스템,협의중 상태,신청 시점 + 2영업일(KST 평일) 경과,"게시자는 게재중 복귀·카드 제거, 신청자는 만료로 종결",신청 종결 후 게시 재노출,[확인필요],P0,,
I-C-05,③ 교환게시판(마목),게시 회수,PB-06,BRK-06 · BRK-07 · BRK-01,게시자,협의중 상태(대기 신청 1건),BRK-06 [게시 중단] → 확인 다이얼로그 승인,"게시자는 회수, 신청자는 종결 사유 ""게시 회수"". BRK-01에서 즉시 제외",대기 신청이 자동 종결된다. 자산 이동·수수료 없음,이메일 ④(신청자),P0,,
I-C-06,③ 교환게시판(마목),게시 유효기간 만료,PB-07,BRK-06 · BRK-01,시스템,협의중 게시 존재,게시 30일 경과,"게시자는 만료, 신청자는 종결",협의중이던 신청도 함께 종결된다,[확인필요],P0,,
I-C-07,③ 교환게시판(마목),price guard 자동 중지,PB-08,BRK-06 · BRK-04 · BRK-01,시스템,협의중 게시 존재,기준가 대비 ±2.0% 이탈 발생,"게시자는 중지, 신청자는 종결. BRK-04 [수락] 비활성. BRK-01 제외. 재개는 재게시로만",대기 신청 자동 종결. 시세 중단 중에는 판정도 멈춘다. 어드민 알림은 없다,양측 이메일 [확인필요],P0,,
I-C-08,③ 교환게시판(마목),동시 신청 1건 제한,PB-03,BRK-01 · BRK-03,신청자,협의중 게시 존재,C기관이 같은 게시에 신청 시도,행은 클릭되고 상세가 열리되 [신청]이 비활성,추가 신청이 차단된다,없음,P0,,
I-C-09,③ 교환게시판(마목),관리자 보류 후 승인,ST-02→ST-03,BRK-05 · ADM-02 ①,관리자 · 양측 고객,T2 확인 대기 행,① [보류] + 사유 → 보완 후 [승인],"BRK-05에 ""이전 보류"" 배너(일반화 사유)가 보였다가 예치 진행으로 넘어간다",HOLD 유지·만료 시한 없음. 승인 시 예치 2행 생성,[확인필요],P0,,
I-C-10,③ 교환게시판(마목),이전 중지 · 예치 전,ST-04,BRK-05 · ADM-02 ①,관리자,T2 확인 대기 행,① [이전 중지] + 사유 별도 건으로 ① [보류] 후 [이전 중지]도 밟는다,양측 이전 중지. BRK-05 이전 중지 배너,종결·되돌릴 수 없음. 자산 이동 없고 수수료 미부과 보류에서 이전 중지로 가는 경로도 종결된다,[확인필요],P0,,
I-C-11,③ 교환게시판(마목),이전 중지 · 예치 후,ST-06,BRK-05 · ADM-02 ②,관리자,예치 1건 또는 2건 완료,예치를 1건만 완료시킨 상태에서 [이전 중지] + 사유. 이어서 별도 건으로 2건 완료 상태에서도 같은 처리,이전 중지 배너와 반환 안내가 보인다,남은 예치·인도 행 제거 후 예치된 건수만큼 반환 행 생성 → 콜드 집행 → 완료. 수수료 미부과 반환 행은 예치된 건수만큼(1건 또는 2건) 생긴다,[확인필요],P0,,
I-C-12,③ 교환게시판(마목),수수료 계산 정합,ST-03·07·08,BRK-03 · BRK-04 · ADM-02 ②,시스템,확정 건 존재,예치 명세 · 인도 명세 · 에스크로 잔여를 대조,BRK-03·BRK-04·BRK-07의 내 수수료 표시가 실제 산정과 일치한다,"예치 = 거래 + 수수료 1%(각자), 인도 = 거래 − 가스, 에스크로 잔여 = 수수료 + 가스 차감분",없음,P0,,
I-C-13,③ 교환게시판(마목),양건 예치 완결성,ST-05→ST-07,BRK-05 · ADM-02 ②,관리자,예치 2행 생성,예치 1건만 [완료] 처리하고 대기,BRK-05에 내 예치 완료 / 상대 예치 대기로 구분되어 보인다,인도 행이 자동 생성되지 않는다. 양건 완료 시에만 생성,없음,P0,,
I-C-14,③ 교환게시판(마목),예치 대사 불일치,ST-10·OP-03,ADM-02 ②④,관리자 · 시스템,예치 행 존재,명세와 다른 txhash로 [완료] 시도,상태 변화 없음,완료 차단·행 정지. 인도 자동 생성도 정지. ④ 알림 N3,없음,P0,,
I-C-15,③ 교환게시판(마목),수수료 스윕,ST-09,ADM-02 ②,시스템 · 관리자,완료 거래 다수 · 에스크로 잔여 존재,정책 주기 배치 실행 → 스윕 행 [완료],고객 화면과 무관하다,에스크로 잔여가 운영 지갑으로 이전되고 자산별 1행으로 묶인다,없음,P1,,
I-C-16,③ 교환게시판(마목),기관 비활성 시 예치 완료 건,AC-08,BRK-05 · ADM-02 ②,시스템,예치 2건 완료 상태,해당 기관이 02 외 값으로 확인됨,BRK-05 이전 중지 배너,반환 행이 생성된다(ST-06과 동일 처리),이메일 ⑤,P0,,
I-C-17,③ 교환게시판(마목),마목 한도 양측 검증,PB-01·PB-03,BRK-02 · BRK-03,게시자 · 신청자,시세 정상,게시 시 한도 초과 / 신청 시 한도 초과를 각각 유도,두 시점 모두 차단된다,"게시와 신청에서 각각 1,500,000원 상당 환산으로 판정",없음,P0,,
I-C-18,③ 교환게시판(마목),확정 전후 상호 마스킹,ST-01,BRK-03 · BRK-04 · BRK-06,양측 고객,협의중 → 확정,확정 전후로 상대 기관 정보를 확인,확정 전에는 상대 기관이 가려지고 확정 순간 해제된다,확정 시 구속력이 발생하고 ① T2 행이 생성된다,이메일 ②(양측),P0,,
I-X-01,교차,갱신 방식 확인,2026-09-02(11),전 화면,시스템,두 브라우저에서 같은 건을 열어둠,한쪽에서 상태를 바꾸고 다른 쪽을 관찰,자동 갱신·폴링·토스트가 없다. 진입·새로고침 시에만 조회된다,서버 푸시 없음,없음,P1,,
I-X-02,교차,배너 동작 확인,2026-09-02(11),전 화면,고객,완료·실패 상황 각각,완료 배너와 실패 배너를 확인,완료 배너는 닫기·자동 닫힘이 없는 고정 배너. 실패 배너는 1종이며 최신 값 재조회를 제공한다,경쟁 전용 문구는 없다,없음,P1,,
I-X-03,교차,멱등성,#995,ADM-02 ②,관리자,② 행 존재,[완료]를 연타하거나 같은 요청을 재전송,해당 없음,이중 처리되지 않고 1회만 반영된다,없음,P0,,
I-X-04,교차,행 잠금,#995,ADM-02 ①②,관리자 2명,같은 행을 두 관리자가 동시에 연 상태,두 관리자가 동시에 처리 버튼 클릭,해당 없음,선행 처리만 반영되고 후행은 차단된다,없음,P0,,
I-X-05,교차,권한 분리,#987,ADM-02 · 고객 콘솔,고객 · 관리자,고객 세션 보유,고객 세션으로 어드민 API 직접 호출,해당 없음,권한 오류로 차단된다,없음,P0,,
I-X-06,교차,CSV 정합,2026-09-04(16)③,ADM-02 · DASH-01,관리자 · 고객,거래 다수 완료,어드민 CSV 6종과 고객 활동 로그 CSV를 화면 값과 대조,고객 CSV에는 원화 환산이 없다,어드민 CSV는 원화 표기를 유지한다. 원장은 수탁·운영·재고·에스크로 4분할,없음,P1,,
I-A-14,① 가입 및 로그인,비밀번호 변경 시 타 기기 세션 종료,2026-09-10 결정 B-3,DASH-02 · AUTH-01,가입자,같은 계정으로 두 브라우저에 로그인,한쪽에서 DASH-02로 비밀번호 변경 → 다른 브라우저를 새로고침,다른 브라우저의 세션이 끊겨 AUTH-01로 이동한다,member_session.revoke_reason = PASSWORD_CHANGED,없음,P0,,
I-A-15,① 가입 및 로그인,유휴 세션 만료,2026-09-10 결정 B-6,전 화면 · AUTH-01,가입자,로그인 상태,아무 조작 없이 15분(idleTimeoutSeconds 900) 경과 후 화면을 조작,AUTH-01로 이동하고 만료 안내 배너가 보인다. 작업 중이던 입력은 복원하지 않는다,세션이 폐기된다,없음,P0,,
I-A-16,① 가입 및 로그인,절대 세션 만료·슬라이딩 없음,2026-09-10 결정 B-6,전 화면 · AUTH-01,가입자 · 개발 지원,로그인 상태,8시간 동안 계속 조작하면서 absoluteExpiresAt 을 관찰. 이어서 강제 경과시킴,계속 써도 만료 시각이 뒤로 밀리지 않는다. 도달하면 AUTH-01로 이동,absolute_expires_at 은 슬라이딩하지 않는다,없음,P0,,
I-C-19,③ 교환게시판(마목),마목 거래에 커스터디 중지 알림,09 §0 (22)③ · states §D,BRK-05 · ADM-02 ②,시스템 · 관리자,예치 2건이 완료된 마목 확정 건,커스터디가 그 건 번호로 중지 알림을 발신,BRK-05에 이전 중지 배너와 반환 안내가 보이고 사유는 나오지 않는다,미집행 ② 행 거절 · 거래 거절 · 예치 완료분 반환 행 생성,이메일 ⑤,P0,,
I-C-20,③ 교환게시판(마목),예치 후 보류와 재개,states §2 ② 집행 대기 표 · ADM-02 항목11,ADM-02 ② · BRK-05,관리자,예치 행이 있는 확정 건,② 예치 행에서 [보류] + 사유 → 시간을 두고 같은 행에서 재개,BRK-05는 진행 표시를 유지한다,미집행 행이 정지되고 사유가 남는다. 만료 시한이 없고 같은 행에서 재개된다,없음,P1,,
I-B-19,② 교환하기(나목),AML STR 이관과 연계 건 거절,AM-03,ADM-02 ①③ · EXC-04,관리자,③ 검토중 행 + 연계된 ① 승인 대기 건,③ [STR 검토] + 사유 → 연계 ① 건을 거절,EXC-04에 일반화 문구만 보이고 STR 관련 표시가 전혀 없다,③ 행 제거·종결(STR 이관). 별도 AML 시스템으로 이관,이메일 ⑤,P1,,
I-A-17,① 가입 및 로그인,요청·수락 관문에서 기관 비활성 확인,AC-07,EXC-01 · BRK-02 · BRK-03 · BRK-04,시스템 · 고객,로그인한 상태에서 기관이 02 활성,"로그인은 유지한 채 기관을 04로 바꾸고, 로그아웃 없이 거래 요청(T2)과 수락(T3)을 시도",두 관문에서 각각 잡혀 차단된다. 로그인 관문만으로는 안 잡힌다,관문마다 커스터디를 다시 조회한다,없음,P1,,
I-B-20,② 교환하기(나목),수락 시점 비율 이탈,EX-07,EXC-02 · EXC-04 · ADM-02 ④,시스템 · 고객,비율 제시 상태,재고는 그대로 두고 시세만 크게 움직인 뒤 [수락],"""비율 변동"" 안내와 함께 만료된다",비율 이탈은 기록만 남고 ④ 알림 행이 생기지 않는다(재고 부족과 다르다),없음,P1,,
I-C-21,③ 교환게시판(마목),마목 확정 건 이상거래 에스컬레이션,AM-01 · ST-01,ADM-02 ①③,시스템 · 관리자,위장게시 룰이 적중하도록 설정된 마목 건,게시·신청·수락으로 확정까지 진행,고객 화면에 반영이 없다,"① T2 행이 확인 대기가 아니라 에스컬레이션으로 생성되고 ""③ 1건"" 표시가 붙는다",없음,P1,,
I-C-22,③ 교환게시판(마목),인도·반환·스윕 대사 불일치,ST-10,ADM-02 ②④,관리자,인도 행 · 반환 행 · 스윕 행을 각각 만든 상태,세 유형에 각각 명세와 다른 txhash로 [완료] 시도,상태 변화 없음,세 유형 모두 완료가 차단되고 행이 정지되며 ④ N3 알림이 생긴다,없음,P1,,
I-B-21,② 교환하기(나목),자동검증 첨부 확인,EX-06 · ST-01,ADM-02 ①,관리자,① 승인 대기 행,행을 펼쳐 확장 패널의 자동검증 블록을 읽는다,해당 없음,건별 한도·교환 재고·기관 상태·BLF·KYT·이상거래 룰 항목이 값과 함께 보인다. 마목은 양측 한도·수수료 포함 잔고·게시 상태·기한이 추가된다,없음,P1,,
I-X-07,교차,예약·기게시 차감이 게이트에 반영,EX-09 · brk-02 처분 가능 정의,EXC-01 · BRK-02,고객 · 관리자,재고와 잔고가 충분한 상태,나목 건을 승인해 ② 예약을 만든 뒤 EXC-01 풀을 본다. 마목 게시를 올린 뒤 BRK-02 처분 가능분을 본다,"풀은 예약분만큼, 처분 가능분은 기게시분만큼 줄어 있다",가용 재고 = 잔고 − 집행 대기 예약. 처분 가능 = 실보유 − 기게시 − 기신청,없음,P1,,
I-X-08,교차,조회 실패 시 게이트,09 §0 (21)③,EXC-01 · BRK-02,시스템 · 고객,온체인 잔고·풀 조회를 실패하게 만든 상태,EXC-01과 BRK-02에 들어간다,"값이 ""—""로 보이고 상단 배너가 뜨며 [거래 요청]·[게시]가 비활성. 추측값을 채우지 않는다",조회 실패를 성공으로 간주하지 않는다,없음,P1,,
I-X-09,교차,구분회계 기록 대조,EX-12 · ST-08,ADM-02 데이터 다운로드,관리자,나목 완료 건과 마목 완료 건이 각각 있는 상태,CSV ④를 받아 화면 값과 대조,해당 없음,나목 스프레드 수익과 마목 중개수수료가 구분회계에 기록돼 있고 금액이 화면과 같다. 마목은 인도 집행 시점 기록,없음,P1,,
