TC ID,단위,화면,항목,유형,사전조건,절차,기대결과,우선,근거,결과,비고
U-ONB00-01,① 가입 및 로그인,ONB-00 초대 이메일,발신·수신·제목,표기,관리자가 ADM-03에서 초대 발송,수신함에서 초대 메일 확인,발신·수신·제목이 기획 문구와 일치. 기관명·가입자 이메일이 발송 입력값과 같다,P1,ONB-00 항목1,,
U-ONB00-02,① 가입 및 로그인,ONB-00 초대 이메일,[계정 활성화·비밀번호 설정] 링크,정상,유효한 초대 메일 보유,링크 클릭,ONB-01이 열린다,P0,AC-01,,
U-ONB00-03,① 가입 및 로그인,ONB-00 초대 이메일,활성화 안내,표기,상동,본문 안내 확인,유효기간 72시간·1회용·할 일이 문구로 보인다,P2,AC-01 정책값 72시간,,
U-ONB00-04,① 가입 및 로그인,ONB-00 초대 이메일,메일 푸터,표기,상동,푸터 확인,문의 안내가 보인다. 공지사항 링크는 없다,P2,2026-09-07(20),,
U-ONB01-01,① 가입 및 로그인,ONB-01 비밀번호 설정,새 비밀번호 입력,오류,ONB-01 진입,한글·공백·허용 외 특수문자를 입력,입력 시점에 무시되어 필드에 들어가지 않는다,P1,허용문자 영대소문자·숫자·!@#$%^&*(),,
U-ONB01-02,① 가입 및 로그인,ONB-01 비밀번호 설정,새 비밀번호 입력,경계,상동,21자 입력 시도,20자에서 더 입력되지 않는다,P1,길이 8~20자,,
U-ONB01-03,① 가입 및 로그인,ONB-01 비밀번호 설정,새 비밀번호 입력,정상,상동,규칙 위반 값을 타이핑하며 관찰,입력 중에는 판정하지 않는다. 키 입력마다 경고가 뜨지 않는다,P1,2026-09-02 재결정,,
U-ONB01-04,① 가입 및 로그인,ONB-01 비밀번호 설정,[다음],오류,두 필드 비움,[다음] 클릭,"인라인 경고 ""값을 입력해 주세요"". 서버 요청을 보내지 않는다",P0,ONB-01 항목3,,
U-ONB01-05,① 가입 및 로그인,ONB-01 비밀번호 설정,[다음],경계,7자 입력,[다음] 클릭,위반한 규칙이 문구로 보인다. 입력값 유지·화면 머무름,P0,규칙 ②,,
U-ONB01-06,① 가입 및 로그인,ONB-01 비밀번호 설정,[다음],오류,영문+숫자 2종 조합만 입력,[다음] 클릭,조합 3종 이상 위반 경고,P0,규칙 ①,,
U-ONB01-07,① 가입 및 로그인,ONB-01 비밀번호 설정,[다음],오류,이메일 @ 앞부분과 같은 값 입력,[다음] 클릭,동일 금지 위반 경고,P1,규칙 ③,,
U-ONB01-08,① 가입 및 로그인,ONB-01 비밀번호 설정,[다음],오류,동일 문자 반복 값 입력,[다음] 클릭,반복 금지 위반 경고,P1,규칙 ④,,
U-ONB01-09,① 가입 및 로그인,ONB-01 비밀번호 설정,새 비밀번호 확인,오류,두 필드에 다른 값 입력,[다음] 클릭,"""비밀번호가 일치하지 않습니다"". 확인 필드만 초기화되고 항목1 값은 유지",P0,ONB-01 항목2,,
U-ONB01-10,① 가입 및 로그인,ONB-01 비밀번호 설정,[다음],오류,빈칸·규칙 위반·불일치를 동시에 만듦,[다음] 클릭,문제가 있는 필드마다 경고가 동시에 보인다,P1,ONB-01 항목3,,
U-ONB01-11,① 가입 및 로그인,ONB-01 비밀번호 설정,[다음],정상,규칙 통과 값 입력,[다음] 클릭,ONB-02로 이동. 계정 상태가 활성화 진행 중으로 기록된다,P0,ONB-01 항목3,,
U-ONB01-12,① 가입 및 로그인,ONB-01 비밀번호 설정,[다음],오류,정상 입력,[다음] 연타 / Enter 키,처리 중에만 비활성이 되어 중복 요청이 가지 않는다. Enter도 같은 동작,P1,버튼 4단계,,
U-ONB01-13,① 가입 및 로그인,ONB-01 비밀번호 설정,서버 재검증,정상,규칙 위반 값을 API로 직접 전송,규칙 위반 값을 비밀번호 설정 API로 직접 전송,서버는 규칙을 다시 검증하지 않고 저장한다(설계대로). 저장은 단방향 해시+salt,P1,2026-09-10 결정 B-1 · 기획 원안 유지,,
U-ONB02-01,① 가입 및 로그인,ONB-02 2FA 앱 연결,2FA QR / 설정 키,정상,ONB-02 진입,QR 스캔 및 설정 키 수동 입력,두 방법 모두 같은 계정으로 등록된다,P0,ONB-02 항목1·2,,
U-ONB02-02,① 가입 및 로그인,ONB-02 2FA 앱 연결,6자리 코드 입력,정상,앱 등록 완료,6자리 입력 완료,별도 버튼 없이 자동 검증된다,P0,2026-09-04(16)②,,
U-ONB02-03,① 가입 및 로그인,ONB-02 2FA 앱 연결,6자리 코드 입력,오류,상동,틀린 코드 입력,경고 표시 후 재입력 가능,P0,ONB-02 항목3,,
U-ONB02-04,① 가입 및 로그인,ONB-02 2FA 앱 연결,6자리 코드 입력,표기,상동,6자리를 한 번에 붙여넣기,붙여넣기 분배 기능은 없다,P2,2026-09-02(11),,
U-ONB02-05,① 가입 및 로그인,ONB-02 2FA 앱 연결,6자리 코드 입력,정상,상동,정확한 코드 입력,ONB-03으로 이동,P0,AC-03,,
U-ONB03-01,① 가입 및 로그인,ONB-03 복구 코드,복구 코드·보관 경고,표기,ONB-03 진입,화면 확인,단일 복구 코드와 보관 경고가 보인다,P1,2026-09-02(5),,
U-ONB03-02,① 가입 및 로그인,ONB-03 복구 코드,[복사하기],정상,상동,[복사하기] 클릭,클립보드에 복구 코드가 담긴다. [다운로드] 버튼은 없다,P1,2026-09-02(11),,
U-ONB03-03,① 가입 및 로그인,ONB-03 복구 코드,[확인],정상,상동,[확인] 클릭,활성화 완료. AUTH-01로 이동하고 로그인 가능 상태가 된다,P0,AC-03,,
U-ONB04-01,① 가입 및 로그인,ONB-04 초대 링크 오류,오류 안내,오류,초대 발송 후 72시간 경과,링크 클릭,"만료 배너 ""관리자에게 재발송을 요청하세요""",P0,AC-02,,
U-ONB04-02,① 가입 및 로그인,ONB-04 초대 링크 오류,오류 안내,오류,활성화 완료된 계정의 초대 링크,같은 링크 재클릭,1회용이므로 ONB-04가 열린다,P0,AC-02,,
U-AUTH01-01,① 가입 및 로그인,AUTH-01 로그인,이메일·비밀번호,오류,로그인 화면,빈칸으로 [로그인],인라인 경고. 서버 요청 없음,P1,버튼 4단계,,
U-AUTH01-02,① 가입 및 로그인,AUTH-01 로그인,[로그인]·실패 칩,오류,활성 계정,틀린 비밀번호 입력,실패 칩과 남은 횟수가 보인다,P0,2026-09-02(5),,
U-AUTH01-03,① 가입 및 로그인,AUTH-01 로그인,[로그인],정상,활성 계정,정확한 값 입력,AUTH-02로 이동(로그인 2단계),P0,2026-09-02(5),,
U-AUTH01-04,① 가입 및 로그인,AUTH-01 로그인,계정 잠금 배너,경계,실패 4회 누적,5회째 실패,잠금 배너가 보이고 로그인이 막힌다. 거래 칩과 무관,P0,AC-04 정책값 5회,,
U-AUTH01-05,① 가입 및 로그인,AUTH-01 로그인,문의 이메일 링크,표기,잠금 상태,배너 내 링크 확인,문의 이메일 링크가 동작한다,P2,AUTH-01 항목5,,
U-AUTH01-06,① 가입 및 로그인,AUTH-01 로그인,실패 카운터,경계,비밀번호 2회·2FA 2회 실패,복구 코드 1회 실패,세 종류가 합산되어 5회째에 잠금된다,P0,AC-04 합산,,
U-AUTH01-07,① 가입 및 로그인,AUTH-01 로그인,푸터,표기,로그인 화면,푸터 확인,저작권·개인정보처리방침·이용약관 2링크만. 공지사항 없음,P2,2026-09-07(20),,
U-AUTH02-01,① 가입 및 로그인,AUTH-02 2차 인증,6자리 코드,정상,1단계 통과,6자리 입력 완료,자동 검증되어 세션이 생성되고 DASH-01로 이동,P0,2026-09-04(16)②,,
U-AUTH02-02,① 가입 및 로그인,AUTH-02 2차 인증,6자리 코드,오류,상동,틀린 코드,실패 처리되고 카운터에 합산된다,P0,AC-04,,
U-AUTH02-03,① 가입 및 로그인,AUTH-02 2차 인증,[복구 코드로 인증],정상,상동,버튼 클릭,AUTH-03으로 이동. 외곽선 버튼 스타일,P1,2026-09-04(16)①,,
U-AUTH03-01,① 가입 및 로그인,AUTH-03 복구 코드 인증,복구 코드 입력,정상,AUTH-03 진입,복구 코드 입력 후 [인증],클릭 시 검증한다(자동 검증 아님),P0,2026-09-04(16)②,,
U-AUTH03-02,① 가입 및 로그인,AUTH-03 복구 코드 인증,[인증],정상,상동,정확한 복구 코드,세션이 생성되고 DASH-01로 이동. 2FA는 초기화되지 않는다,P0,2026-09-04(16)①,,
U-AUTH03-03,① 가입 및 로그인,AUTH-03 복구 코드 인증,[인증],오류,상동,틀린 복구 코드,실패 처리되고 카운터에 합산된다,P0,AC-04,,
U-AUTH03-04,① 가입 및 로그인,AUTH-03 복구 코드 인증,'‹ 이전으로',정상,상동,링크 클릭,AUTH-02로 돌아간다,P2,AUTH-03 항목3,,
U-DASH01-01,① 가입 및 로그인,DASH-01 대시보드,거래 목록 행,정상,거래 1건 이상 보유,행 클릭,해당 거래의 상세 화면으로 이동,P0,DASH-01 항목3,,
U-DASH01-02,① 가입 및 로그인,DASH-01 대시보드,상태 칩,표기,각 상태의 거래 보유,칩 확인,대기(파랑)·진행(노랑)·완료(초록)·종결(회색) 4종만. 빨간 칩 없음,P1,states 칩 규격,,
U-DASH01-03,① 가입 및 로그인,DASH-01 대시보드,지갑 잔고 표,표기,잔고 보유,자릿수 확인,"ETH 4자리·USDC/USDT 2자리, 절사",P1,표기 자릿수 규칙,,
U-DASH01-04,① 가입 및 로그인,DASH-01 대시보드,지갑 주소,표기,상동,주소 확인,수탁 지갑 주소가 보인다. 회계 계정명은 보이지 않는다,P1,2026-09-02 전제,,
U-DASH01-05,① 가입 및 로그인,DASH-01 대시보드,KYC 예외 배너,정상,기관 상태 02 활성 외,DASH-01 진입,KYC 예외 요약 배너가 보인다,P0,AC-07,,
U-DASH01-06,① 가입 및 로그인,DASH-01 대시보드,2FA 재설정 권고 배너,정상,복구 코드로 로그인한 세션,DASH-01 진입,2차 인증 재설정 권고 배너가 보인다,P1,2026-09-03 대조표,,
U-DASH01-07,① 가입 및 로그인,DASH-01 대시보드,'비밀번호 수정' 카드,정상,로그인 상태,카드 클릭,DASH-02로 이동(독립 페이지),P1,2026-09-02(5),,
U-DASH01-08,① 가입 및 로그인,DASH-01 대시보드,'2차 인증 재설정' 카드,정상,상동,카드 클릭,DASH-03으로 이동,P1,2026-09-02(5),,
U-DASH01-09,① 가입 및 로그인,DASH-01 대시보드,[활동 로그 다운로드(CSV)],정상,활동 기록 보유,버튼 클릭,전체 기간이 1파일로 동기 생성되어 내려온다. 다운로드 이력 화면은 없다,P1,2026-09-02(11),,
U-DASH01-10,① 가입 및 로그인,DASH-01 대시보드,갱신 방식,정상,다른 창에서 상태 변경,DASH-01을 열어둔 채 대기,자동 갱신·폴링·토스트가 없다. 새로고침해야 반영된다,P1,2026-09-02(11),,
U-DASH01-11,① 가입 및 로그인,DASH-01 대시보드,기관 배지,정상,로그인 상태,우상단 기관 배지 클릭,로그아웃 메뉴가 열린다,P2,notation 규격,,
U-DASH02-01,① 가입 및 로그인,DASH-02 비밀번호 수정,기존 비밀번호,오류,DASH-02 진입,틀린 기존 비밀번호로 [다음],서버가 불일치를 알리고 저장하지 않는다,P0,DASH-02 항목1,,
U-DASH02-02,① 가입 및 로그인,DASH-02 비밀번호 수정,[다음],오류,상동,규칙 위반 새 비밀번호,[다음] 클릭 시 클라이언트가 일괄 검증해 필드마다 경고,P0,비밀번호 규칙 정본,,
U-DASH02-03,① 가입 및 로그인,DASH-02 비밀번호 수정,[취소],정상,입력 중,[취소] 클릭,항상 활성이며 DASH-01로 돌아간다,P2,버튼 4단계,,
U-DASH02-04,① 가입 및 로그인,DASH-02 비밀번호 수정,[다음],정상,정상 입력,[다음] 클릭,저장되고 완료 배너가 고정으로 남는다(자동 닫힘 없음),P0,2026-09-02(11),,
U-DASH03-01,① 가입 및 로그인,DASH-03 2차 인증 재설정,[재설정 메일 발송],정상,DASH-03 진입,버튼 클릭,발송 결과 배너가 보이고 재설정 메일이 도착한다,P0,DASH-03 항목2,,
U-DASH03-02,① 가입 및 로그인,DASH-03 2차 인증 재설정,'‹ 이전으로',정상,상동,링크 클릭,DASH-01로 돌아간다,P2,DASH-03 항목3,,
U-ADM03-01,① 가입 및 로그인,ADM-03 설정,기관명·이메일·customerNo·수탁 지갑 주소,오류,어드민 로그인,필수값을 비우고 [초대 발송],필드별 경고가 보이고 발송되지 않는다,P0,AC-01,,
U-ADM03-02,① 가입 및 로그인,ADM-03 설정,수탁 지갑 주소,경계,상동,형식이 틀린 주소 입력,형식 검증 경고. Ethereum 단일 체인 기준,P1,취급자산 전제,,
U-ADM03-03,① 가입 및 로그인,ADM-03 설정,[초대 발송],정상,상동,정상값 입력 후 클릭,기관·가입자가 생성되고 기관 상태 초기값이 활성. 초대 메일 발송,P0,AC-01,,
U-ADM03-04,① 가입 및 로그인,ADM-03 설정,[초대 발송],경계,같은 customerNo로 재발송,중복 등록 시도,기관당 가입자 1명 원칙에 따라 차단되거나 안내된다,P1,AC-01 기관당 1명,,
U-ADM03-05,① 가입 및 로그인,ADM-03 설정,[초대 재발송],정상,만료된 초대 보유,[초대 재발송] 클릭,새 초대 메일이 발송된다,P0,AC-02,,
U-ADM03-06,① 가입 및 로그인,ADM-03 설정,KYC 상태 칩,표기,기관 등록 완료,목록의 상태 칩 확인,커스터디 조회값(코드+조회 시각)이 표시 전용으로 보인다. [상태 변경] 버튼은 없다,P0,2026-09-07(21),,
U-ADM03-07,① 가입 및 로그인,ADM-03 설정,KYC 상태 칩,경계,커스터디 05 거래해지 상태,ADM-03 진입,"회색 칩 ""05 거래해지""",P1,AC-09,,
U-ADMAUTH-01,① 가입 및 로그인,어드민 로그인,어드민 인증,정상,관리자 계정,로그인,어드민 홈(ADM-02) 진입,P0,#987,,
U-EXC01-01,② 교환하기(나목),EXC-01 교환하기,보내는 자산 ▾,정상,로그인·기관 활성,드롭다운 클릭,목록이 펼쳐지고 ETH·USDC·USDT 3종이 보인다,P0,취급자산 3종,,
U-EXC01-02,② 교환하기(나목),EXC-01 교환하기,받는 자산 ▾,정상,보내는 자산 선택 완료,받는 자산 목록 확인,보내는 자산이 목록에서 제외된다,P0,2026-09-02 전제,,
U-EXC01-03,② 교환하기(나목),EXC-01 교환하기,드롭다운 공통,정상,목록 펼침,바깥 클릭 / ESC,목록이 닫힌다. 선택 시 칩이 갱신되고 닫힌다,P1,설명 형식 정본,,
U-EXC01-04,② 교환하기(나목),EXC-01 교환하기,보내는 수량,경계,자산 선택 완료,ETH 5자리·USDC 3자리 소수 입력,ETH 4자리·스테이블 2자리로 절사되어 처리된다,P1,표기 자릿수 규칙,,
U-EXC01-05,② 교환하기(나목),EXC-01 교환하기,표시 블록,정상,자산 선택 완료,화면 확인,교환 가능 풀·참고 비율·예상 받는 수량·스프레드·예상 가스비가 자산 선택 시 1회 조회되어 보인다,P0,2026-09-02(11),,
U-EXC01-06,② 교환하기(나목),EXC-01 교환하기,표시 블록,표기,상동,원화 표기 확인,고객 화면에 원화 환산액이 보이지 않는다,P1,2026-09-04(16)③,,
U-EXC01-07,② 교환하기(나목),EXC-01 교환하기,표시 블록,표기,상동,문구 확인,회계 계정명·시세 소스명이 보이지 않는다,P1,2026-09-02 전제,,
U-EXC01-08,② 교환하기(나목),EXC-01 교환하기,[거래 요청],경계,"한도 1,500,000원 상당 초과 수량 입력",버튼 상태 확인,비활성 또는 경고. 요청 시점 KRW 시세로 환산·원 단위 절사,P0,"정책값 1,500,000원",,
U-EXC01-09,② 교환하기(나목),EXC-01 교환하기,[거래 요청],경계,한도 경계값 바로 아래 수량,버튼 클릭,정상 통과한다,P0,"정책값 1,500,000원",,
U-EXC01-10,② 교환하기(나목),EXC-01 교환하기,[거래 요청],오류,잔고보다 큰 수량,버튼 상태 확인,경고가 보이고 요청이 생성되지 않는다,P0,EX-02,,
U-EXC01-11,② 교환하기(나목),EXC-01 교환하기,KYC 예외 배너,오류,기관 상태 02 활성 외,EXC-01 진입,배너가 보이고 [거래 요청]이 비활성. 조회는 가능,P0,AC-07,,
U-EXC01-12,② 교환하기(나목),EXC-01 교환하기,[거래 요청],오류,시세 소스 수신 중단,EXC-01 진입,상단 배너 + 버튼 비활성. 사유는 일반화 문구,P0,EX-02·OP-01,,
U-EXC01-13,② 교환하기(나목),EXC-01 교환하기,[거래 요청],오류,가용 재고 0,EXC-01 진입,버튼 비활성. 요청 레코드를 만들지 않는다,P0,EX-02·OP-02,,
U-EXC01-14,② 교환하기(나목),EXC-01 교환하기,[거래 요청],정상,정상 조건,버튼 클릭,EXC-02로 이동하고 상태가 요청됨이 된다,P0,EX-01,,
U-EXC02-01,② 교환하기(나목),EXC-02 비율 확인·수락,견적 산정,정상,EXC-01에서 요청,진입 직후 관찰,"""불러오는 중…"" 후 확정 비율이 표시된다",P0,EX-01·03,,
U-EXC02-02,② 교환하기(나목),EXC-02 비율 확인·수락,확정 비율 고시,표기,견적 산정 완료,수치 확인,확정 비율·받는 수량·스프레드·예상 가스비. 자릿수 규칙 준수,P0,EX-03,,
U-EXC02-03,② 교환하기(나목),EXC-02 비율 확인·수락,예상 가스비,표기,상동,가스비 행 확인,ETH 단일 표기. 받는 자산 환산액을 병기하지 않는다,P1,1795c04,,
U-EXC02-04,② 교환하기(나목),EXC-02 비율 확인·수락,받는 수량 행,표기,상동,행 구성 확인,'차감 후 받는 수량(예상)' 행이 없다,P1,1795c04,,
U-EXC02-05,② 교환하기(나목),EXC-02 비율 확인·수락,수락 기한 카운트다운,정상,상동,카운트다운 관찰,정책값 120초에서 시작해 감소한다,P0,EX-03 정책값 120초,,
U-EXC02-06,② 교환하기(나목),EXC-02 비율 확인·수락,[수락],정상,카운트다운 진행 중,[수락] 클릭,확인 다이얼로그 없이 즉시 확정되고 EXC-03으로 이동,P0,EX-06,,
U-EXC02-07,② 교환하기(나목),EXC-02 비율 확인·수락,[거절],정상,상동,[거절] 클릭,확인 다이얼로그 없이 EXC-04 「거절 (고객 요청)」,P0,EX-04,,
U-EXC02-08,② 교환하기(나목),EXC-02 비율 확인·수락,[수락],경계,카운트다운 종료(서버 판정),화면에 머문 채 관찰,"""만료됨 — 비율 무효"" 표시되고 [수락] 비활성",P0,EX-05,,
U-EXC02-09,② 교환하기(나목),EXC-02 비율 확인·수락,성격 고지,표기,상동,문구 확인,"""자체 시세 아님 · DSRV 상대방"" 고지가 보인다",P1,나목 경계 소명,,
U-EXC03-01,② 교환하기(나목),EXC-03 승인 진행,거래 상태 스텝바,정상,수락 완료,EXC-03 확인,"스텝 2 ""DSRV 거래 진행중""",P0,EX-06,,
U-EXC03-02,② 교환하기(나목),EXC-03 승인 진행,내부 단계 노출,표기,관리자가 보류 처리,고객 화면 재확인,보류 라벨·사유·담당자가 보이지 않고 진행 중만 유지,P0,EX-08,,
U-EXC03-03,② 교환하기(나목),EXC-03 승인 진행,[확인],정상,상동,[확인] 클릭,DASH-01로 이동,P2,EXC-03 항목4,,
U-EXC04-01,② 교환하기(나목),EXC-04 내역·완료,완료 변형,정상,출고 집행 완료,EXC-04 확인,스텝 3 체크·완료 일시·발생 가스비·실수령 수량이 보인다,P0,EX-12,,
U-EXC04-02,② 교환하기(나목),EXC-04 내역·완료,거절(DSRV 심사) 변형,표기,관리자 거절,EXC-04 확인,일반화 사유 배너만 보이고 구체 사유가 없다,P0,EX-10 STR 누설 금지,,
U-EXC04-03,② 교환하기(나목),EXC-04 내역·완료,만료 변형,정상,기한 만료,EXC-04 재진입,「만료」로 보인다,P1,EX-05,,
U-EXC04-04,② 교환하기(나목),EXC-04 내역·완료,받은 수량,표기,완료 건,수량 확인,스토리보드 예시 정합 확인(EXC-02 확정 수량과 일치),P1,2026-09-03 내부 불일치 1건,,
U-ADM02-01,② 교환하기(나목),ADM-02 ① 거래 승인,목록 행 확장,정상,T1 행 존재,행 클릭,확장되고 동시에 1개만 열린다,P1,.mk-row 규격,,
U-ADM02-02,② 교환하기(나목),ADM-02 ① 거래 승인,[승인] T1,정상,승인 대기 행,[승인] 클릭,① 행 제거·종결. ② 집행에 입고·출고 2행 생성,P0,EX-09,,
U-ADM02-03,② 교환하기(나목),ADM-02 ① 거래 승인,[보류] T1,오류,상동,사유 없이 [보류],사유가 필수라 진행되지 않는다,P0,EX-08,,
U-ADM02-04,② 교환하기(나목),ADM-02 ① 거래 승인,[보류] T1,정상,상동,사유 입력 후 [보류],HOLD로 유지된다. 만료 시한이 없고 승인·거절로만 닫힌다,P0,EX-08,,
U-ADM02-05,② 교환하기(나목),ADM-02 ① 거래 승인,[거절] T1,정상,상동,사유 입력 후 [거절],종결되고 되돌릴 수 없다,P0,EX-10,,
U-ADM02-06,② 교환하기(나목),ADM-02 ① 거래 승인,에스컬레이션 표시,정상,이상거래 룰 적중 연계 건,① 목록 확인,"해당 행이 에스컬레이션으로 표시되고 ""③ 1건""이 보인다",P1,AM-01,,
U-ADM02-07,② 교환하기(나목),ADM-02 목업,패널 고정,표기,창 폭 2000px 이상,스크롤,ADM-02·03 목업 패널은 따라오지 않고 제자리 고정,P2,58a68ab,,
U-ADM02-08,② 교환하기(나목),ADM-02 ② 집행 대기,행 확장,정상,② 행 존재,행 클릭,집행 명세가 그대로 펼쳐진다,P0,§2 ② 집행 대기 표,,
U-ADM02-09,② 교환하기(나목),ADM-02 ② 집행 대기,[명세 Excel],정상,상동,버튼 클릭,1건 1파일로 내려받고 명세 해시·승인자 ID가 화면과 같은 값,P0,§2,,
U-ADM02-10,② 교환하기(나목),ADM-02 ② 집행 대기,txhash 입력창,정상,상동,txhash 입력,입력값이 유지되고 대사 검증 대상이 된다,P0,EX-11,,
U-ADM02-11,② 교환하기(나목),ADM-02 ② 집행 대기,[완료],경계,명세와 일치하는 txhash,대사 확인,발신 지갑·수신 주소·자산·수량 4항목 일치 시에만 [완료]가 활성,P0,EX-11,,
U-ADM02-12,② 교환하기(나목),ADM-02 ② 집행 대기,[완료],오류,명세와 다른 txhash,[완료] 시도,완료가 차단되고 txhash 필드에 경고. 행이 정지된다,P0,EX-13,,
U-ADM02-13,② 교환하기(나목),ADM-02 ② 집행 대기,출고 행,경계,입고 미완료,출고 행 확인,비활성이며 입고 완료 후에만 활성,P0,EX-09,,
U-ADM02-14,② 교환하기(나목),ADM-02 ② 집행 대기,[완료],경계,명세 미다운로드,[완료] 시도,명세 다운로드 여부는 완료를 막지 않는다,P1,§2,,
U-ADM02-15,② 교환하기(나목),ADM-02 ③ AML,[검토],정상,T5 행 존재,[검토] 클릭,검토중으로 바뀌고 행이 유지된다,P1,AM-02,,
U-ADM02-16,② 교환하기(나목),ADM-02 ③ AML,[STR 검토],정상,검토중 행,사유 입력 후 클릭,행 제거·종결(STR 이관),P1,AM-03,,
U-ADM02-17,② 교환하기(나목),ADM-02 ③ AML,[무혐의 종결],정상,상동,사유 입력 후 클릭,행 제거·종결. 연계 ① 행의 에스컬레이션 표시가 해제된다,P1,AM-04,,
U-ADM02-18,② 교환하기(나목),ADM-02 ④ 운영 알림,유형 노출,표기,각 알림 발생,④ 목록 확인,N1 시세중단·N2 재고부족·N3 대사불일치·X3 3면대사·T8 계정잠금 5종,P1,§2,,
U-ADM02-19,② 교환하기(나목),ADM-02 ④ 운영 알림,[확인]·[조치 완료],정상,알림 행 존재,[확인] → [조치 완료 ▾],결과를 선택해 종결한다,P1,§2,,
U-ADM02-20,② 교환하기(나목),ADM-02 홈,건수 집계,표기,행 다수 존재,홈 확인,어느 화면에도 건수 집계·KPI 카드가 없다,P2,2026-09-04 재확인,,
U-ADM02-21,② 교환하기(나목),ADM-02 데이터 다운로드,CSV 6종,정상,데이터 존재,각 CSV 다운로드,6종이 전체 기간 1파일로 동기 생성된다. 어드민 CSV는 원화 표기 유지,P1,2026-09-04(16)③,,
U-ADM03-08,② 교환하기(나목),ADM-03 설정,고정 스프레드 3개,정상,어드민 로그인,페어별 값 입력 후 [변경 저장],"저장되고 ""정책값이 저장되었습니다 (vN) — 신규 요청부터 적용""",P0,ADM-03 항목2,,
U-ADM03-09,② 교환하기(나목),ADM-03 설정,견적 유효시간,정상,상동,값 변경 후 저장,저장되고 신규 요청부터 적용된다,P0,ADM-03 항목3,,
U-ADM03-10,② 교환하기(나목),ADM-03 설정,건별 한도,정상,상동,원 단위 값 입력 후 저장,저장값이 나목·마목 공통으로 적용된다,P0,"정책값 P·1,500,000원",,
U-ADM03-11,② 교환하기(나목),ADM-03 설정,취급자산 상태 ▾ × 3,정상,상동,자산 상태 변경,ETH·USDC·USDT 3종의 상태가 개별 반영된다,P1,ADM-03 항목1,,
U-ADM03-12,② 교환하기(나목),ADM-03 설정,나목 교환 자산풀,표기,상동,풀 확인,교환 가능 수량이 표시 전용으로 보인다,P1,ADM-03 항목9,,
U-BRK01-01,③ 교환게시판(마목),BRK-01 교환 게시판,컬럼 헤더·상태 칩,표기,게시 다수 존재,목록 확인,컬럼·칩 규격이 notation과 일치,P1,BRK-01 항목1,,
U-BRK01-02,③ 교환게시판(마목),BRK-01 교환 게시판,타사 게시·게재중 행,정상,타 기관 게재중 게시 존재,행 클릭,BRK-03 신청하기로 이동,P0,PB-01,,
U-BRK01-03,③ 교환게시판(마목),BRK-01 교환 게시판,타사 게시·협의중 행,경계,타 기관 협의중 게시,행 클릭,클릭은 되고 상세가 열리되 [신청]이 비활성,P0,notation 개정,,
U-BRK01-04,③ 교환게시판(마목),BRK-01 교환 게시판,내 게시 행,정상,내 게시 존재,행 확인 후 클릭,"""내 게시"" 표시가 있고 BRK-06으로 이동",P0,PB-01,,
U-BRK01-05,③ 교환게시판(마목),BRK-01 교환 게시판,내 신청 중인 게시 행,정상,내 신청 존재,행 클릭,BRK-07로 이동,P0,PB-03,,
U-BRK01-06,③ 교환게시판(마목),BRK-01 교환 게시판,목록 필터,경계,회수·만료·중지된 게시 존재,목록 확인,해당 게시가 목록에서 제외된다,P0,PB-06·07·08,,
U-BRK01-07,③ 교환게시판(마목),BRK-01 교환 게시판,[+ 거래의향 등록],정상,기관 활성,버튼 클릭,BRK-02로 이동,P0,BRK-01 항목7,,
U-BRK02-01,③ 교환게시판(마목),BRK-02 거래의향 등록,보내는/받는 자산,정상,BRK-02 진입,보내는 자산 먼저 선택,받는 자산 목록에서 해당 자산이 제외된다,P0,2026-09-02 전제,,
U-BRK02-02,③ 교환게시판(마목),BRK-02 거래의향 등록,보유·처분 가능 잔고,표기,자산 선택 완료,표시 확인,보유와 처분 가능 잔고가 구분되어 보인다,P0,BRK-02 항목4,,
U-BRK02-03,③ 교환게시판(마목),BRK-02 거래의향 등록,환산 비율·현 시세·편차,정상,양측 수량 입력,계산값 확인,ETH 페어 비율은 방향 무관 {스테이블}/ETH 2자리,P1,표기 규칙,,
U-BRK02-04,③ 교환게시판(마목),BRK-02 거래의향 등록,편차 경고,오류,시세 대비 편차 큰 수량 입력,임계 2.0%를 넘는 편차가 나오는 수량을 넣고 [게시],등록이 거부된다. 경고만 띄우고 통과시키지 않는다,P1,2026-09-10 결정 B-4 · PostingQuoteInfo.deviationThr,,
U-BRK02-05,③ 교환게시판(마목),BRK-02 거래의향 등록,게시 유효기간,표기,상동,표시 확인,정책값 30일이 보인다,P1,PB-01·PB-07,,
U-BRK02-06,③ 교환게시판(마목),BRK-02 거래의향 등록,[게시],경계,한도 초과 수량,버튼 상태 확인,비활성 또는 인라인 경고,P0,"PB-02 한도 1,500,000원",,
U-BRK02-07,③ 교환게시판(마목),BRK-02 거래의향 등록,[게시],오류,처분 가능분 부족,버튼 상태 확인,비활성. 게시를 만들지 않는다,P0,PB-02,,
U-BRK02-08,③ 교환게시판(마목),BRK-02 거래의향 등록,[게시],오류,시세 소스 중단,BRK-02 진입,인라인 경고 또는 상단 배너 + 버튼 비활성,P0,PB-02·OP-01,,
U-BRK02-09,③ 교환게시판(마목),BRK-02 거래의향 등록,KYC 예외 배너,오류,기관 상태 02 활성 외,BRK-02 진입,배너 + [게시] 비활성,P0,AC-07,,
U-BRK02-10,③ 교환게시판(마목),BRK-02 거래의향 등록,[게시],정상,정상 조건,[게시] 클릭,BRK-06으로 이동. 유효기간 30일 시작·price guard 기준가 스냅숏,P0,PB-01,,
U-BRK02-11,③ 교환게시판(마목),BRK-02 거래의향 등록,[취소],정상,입력 중,[취소] 클릭,항상 활성이며 BRK-01로 돌아간다,P2,버튼 4단계,,
U-BRK03-01,③ 교환게시판(마목),BRK-03 신청하기,게시 조건,표기,타사 게재중 게시,내역 확인,신청자 기준 수량으로 보이고 게시자 표기가 전혀 없다,P0,2026-09-04(16)⑦,,
U-BRK03-02,③ 교환게시판(마목),BRK-03 신청하기,상대 행,표기,상동,상대 행 라벨 확인,"""거래 상대방""으로 표기된다",P1,2026-09-04(16)⑦,,
U-BRK03-03,③ 교환게시판(마목),BRK-03 신청하기,신청 조건·내 수수료,표기,상동,수수료 확인,거래액 1%가 신청자 기준으로 계산되어 보인다,P0,정책값 수수료율 1%,,
U-BRK03-04,③ 교환게시판(마목),BRK-03 신청하기,신청 가능 게이트,오류,잔고 부족,게이트 확인,잔고·한도 표시와 경고가 보이고 [신청] 비활성,P0,PB-03 신청자 검증,,
U-BRK03-05,③ 교환게시판(마목),BRK-03 신청하기,신청 가능 게이트,경계,한도 초과,게이트 확인,[신청] 비활성,P0,"한도 1,500,000원",,
U-BRK03-06,③ 교환게시판(마목),BRK-03 신청하기,[이 조건으로 신청],정상,정상 조건,버튼 클릭,확인 다이얼로그 후 신청 접수. BRK-07로 이동,P0,PB-03,,
U-BRK03-07,③ 교환게시판(마목),BRK-03 신청하기,고지 문구,표기,상동,문구 확인,"단독 실행 결과 고지와 ""DSRV 비참여·기록만"" 고지가 보인다",P1,마목 경계 소명,,
U-BRK04-01,③ 교환게시판(마목),BRK-04 받은 신청·수락,받은 신청 정보,표기,신청 1건 접수,화면 확인,신청자·시점·유효기한(2영업일)이 보인다,P0,PB-03,,
U-BRK04-02,③ 교환게시판(마목),BRK-04 받은 신청·수락,내 중개 수수료,표기,상동,수수료 확인,게시자 기준 1%가 보인다,P0,정책값 수수료율 1%,,
U-BRK04-03,③ 교환게시판(마목),BRK-04 받은 신청·수락,[수락],정상,상동,[수락] 클릭,확인 다이얼로그 후 확정. BRK-05로 이동,P0,ST-01,,
U-BRK04-04,③ 교환게시판(마목),BRK-04 받은 신청·수락,[거절],정상,상동,[거절] 클릭,사유 없이 거절되고 게재중으로 복귀,P0,PB-04,,
U-BRK04-05,③ 교환게시판(마목),BRK-04 받은 신청·수락,[수락],경계,price guard 이탈로 중지,[수락] 시도,비활성이며 처리 불가 안내가 보인다,P0,PB-08,,
U-BRK04-06,③ 교환게시판(마목),BRK-04 받은 신청·수락,[취소] 부재,표기,상동,버튼 구성 확인,[취소]가 없고 나가기는 GNB로만 한다,P1,2026-09-04(16)⑤,,
U-BRK05-01,③ 교환게시판(마목),BRK-05 이전·완료,확정 거래 내역,표기,확정 건 보유,양측 계정으로 각각 확인,보는 고객 기준 보내는 수량/받는 수량만 보인다,P0,2026-09-04(16)⑥,,
U-BRK05-02,③ 교환게시판(마목),BRK-05 이전·완료,확정 거래 내역,표기,상동,행 구성 확인,게시자 기준 행·'내 기준' 행이 없다,P1,2026-09-04(16)⑥,,
U-BRK05-03,③ 교환게시판(마목),BRK-05 이전·완료,정산 스텝바,정상,각 단계 진행,스텝바 확인,확정 → 예치 → 인도 → 완료 4단계가 진행에 맞게 표시된다,P0,ST-01·03·07·08,,
U-BRK05-04,③ 교환게시판(마목),BRK-05 이전·완료,예치·인도 상태,표기,예치 1건만 완료,상태 확인,내 예치/상대 예치가 구분되고 완결성이 표시된다,P0,ST-05,,
U-BRK05-05,③ 교환게시판(마목),BRK-05 이전·완료,결과 안내 배너,정상,관리자 이전 중지,BRK-05 확인,이전 중지 배너와 반환 안내가 보인다,P0,ST-04·ST-06,,
U-BRK06-01,③ 교환게시판(마목),BRK-06 내 게시 상세,상태 행,표기,게시 보유,상태 확인,게시 상태 칩과 받은 신청 건수가 보인다,P0,PB-01,,
U-BRK06-02,③ 교환게시판(마목),BRK-06 내 게시 상세,받은 신청 빈 상태,표기,신청 없음,화면 확인,빈 상태가 보인다,P1,PB-01,,
U-BRK06-03,③ 교환게시판(마목),BRK-06 내 게시 상세,신청 카드,경계,신청 2건 시도,카드 확인,동시 신청 1건만 존재한다,P0,PB-03,,
U-BRK06-04,③ 교환게시판(마목),BRK-06 내 게시 상세,[신청 보기],정상,신청 1건 존재,버튼 클릭,BRK-04로 이동,P0,PB-03,,
U-BRK06-05,③ 교환게시판(마목),BRK-06 내 게시 상세,[게시 중단],정상,게재중 또는 협의중,버튼 클릭,확인 다이얼로그 후 회수된다,P0,PB-06,,
U-BRK06-06,③ 교환게시판(마목),BRK-06 내 게시 상세,[게시 중단] 라벨,표기,상동,버튼 라벨 확인,"버튼은 '게시 중단', 상태명은 '회수'",P1,2026-09-04(16)④,,
U-BRK06-07,③ 교환게시판(마목),BRK-06 내 게시 상세,[게시 중단],경계,확정 이후 상태,확정 상태에서 버튼을 찾아본다,"비활성이 아니라 아예 보이지 않는다. ""확정된 거래는 회수할 수 없습니다. 이전 진행은 대시보드 거래 목록에서 확인해 주세요"" 안내로 대체된다",P0,BRK-06 상세 ③ · 2026-09-11 정정,,
U-BRK06-08,③ 교환게시판(마목),BRK-06 내 게시 상세,상호 마스킹,경계,확정 전 / 확정 후,확정 전후로 신청 카드와 화면 하단을 확인한다,확정 시 신청 카드 상호 마스킹이 해제된다. 이 화면에 이전 진행 링크는 없다(대시보드 거래 목록으로 간다),P0,BRK-06 상세 ③ · 2026-09-11 정정,,
U-BRK07-01,③ 교환게시판(마목),BRK-07 내 신청 상세,진행 스텝바,정상,신청 보유,스텝바 확인,신청 → 협의중 → 확정 → 이전·완료,P0,PB-03·ST-01,,
U-BRK07-02,③ 교환게시판(마목),BRK-07 내 신청 상세,상태 행,표기,상동,유효기한 확인,신청 시점과 유효기한(2영업일)이 보인다,P0,PB-05,,
U-BRK07-03,③ 교환게시판(마목),BRK-07 내 신청 상세,취소 동선,표기,상동,화면 확인,신청 취소 동선이 없다,P1,PB 섹션 주석,,
U-ADM02-22,③ 교환게시판(마목),ADM-02 ① 거래 승인,[승인] T2,정상,T2 확인 대기 행,[승인] 클릭,① 행 제거. ② 집행에 예치 2행 생성(수수료 포함 수량),P0,ST-03,,
U-ADM02-23,③ 교환게시판(마목),ADM-02 ① 거래 승인,[이전 중지] T2,정상,상동,사유 입력 후 클릭,종결되고 되돌릴 수 없다. 자산 이동·수수료 없음,P0,ST-04,,
U-ADM02-24,③ 교환게시판(마목),ADM-02 ② 집행 대기,[이전 중지] 예치·인도 행,정상,예치 완료 상태,[이전 중지] + 사유,남은 예치·인도 행 제거 후 반환 행이 예치 건수만큼 생성된다,P0,ST-06,,
U-ADM02-25,③ 교환게시판(마목),ADM-02 ② 집행 대기,인도 자동 생성,정상,예치 2건 완료,② 목록 확인,별도 승인 클릭 없이 인도 2행이 자동 생성된다,P0,ST-07,,
U-ADM02-26,③ 교환게시판(마목),ADM-02 ② 집행 대기,인도 수량,경계,인도 행 확장,명세 확인,수수료·가스 차감 후 수량으로 산정되어 있다,P0,ST-07,,
U-ADM02-27,③ 교환게시판(마목),ADM-02 ② 집행 대기,수수료 스윕 행,정상,정책 주기 도래,② 목록 확인,자산별 1행으로 묶여 생성된다,P1,ST-09,,
U-ADM03-13,③ 교환게시판(마목),ADM-03 설정,마목 중개 수수료율,정상,어드민 로그인,값 입력 후 저장,저장되고 신규 게시·신청부터 적용,P0,ADM-03 항목4,,
U-ADM03-14,③ 교환게시판(마목),ADM-03 설정,마목 유효기간 2개,정상,상동,게시(일)·신청(영업일) 입력 후 저장,각각 저장되어 PB-05·PB-07에 반영,P0,ADM-03 항목5,,
U-ADM03-15,③ 교환게시판(마목),ADM-03 설정,price guard 임계,정상,상동,값 입력 후 저장,저장되고 PB-08 판정에 반영,P0,ADM-03 항목6,,
U-DASH02-05,① 가입 및 로그인,DASH-02 비밀번호 수정,[다음],오류,비밀번호를 한 번 바꾼 상태,직전에 쓰던 비밀번호로 다시 변경 시도,재사용 금지(직전 1회)로 거부된다,P1,2026-09-10 결정 B-2 · PasswordChangeRequest,,
U-DASH03-03,① 가입 및 로그인,DASH-03 2차 인증 재설정,[재설정 메일 발송],경계,발송 1회 완료,쿨다운이 끝나기 전에 다시 클릭,cooldownUntil 까지 버튼이 비활성이고 남은 시간이 보인다,P1,2026-09-10 결정 B-5 · MfaResetInfo.cooldownUntil,,
U-AUTH01-08,① 가입 및 로그인,AUTH-01 로그인,세션 만료 배너,정상,세션이 만료된 상태,보호 화면에 접근,"AUTH-01로 이동하고 ""세션이 만료되었습니다. 다시 로그인해 주세요"" 배너가 보인다",P0,2026-09-10 결정 B-6,,
U-EXC02-10,② 교환하기(나목),EXC-02 비율 확인·수락,[거절],경계,이미 거절로 종결된 건,같은 건에 거절을 한 번 더 보낸다,오류가 아니라 현재 상태를 그대로 돌려준다,P1,2026-09-10 결정 B-7 · ExchangeCloseInfo,,
U-AUTH02-04,① 가입 및 로그인,AUTH-02 2차 인증,6자리 코드 연동,경계,같은 계정으로 다른 기기에서 이미 로그인해 둠,이 기기에서 2차 인증을 통과한다,계정당 1세션 원칙에 따라 다른 기기의 기존 세션이 즉시 끊긴다. 기존 기기는 다음 요청 때 AUTH-01로 온다,P0,AUTH-02 항목1 연동,,
U-AUTH03-05,① 가입 및 로그인,AUTH-03 복구 코드 인증,[인증] 연동,경계,같은 계정으로 다른 기기에서 이미 로그인해 둠,복구 코드로 인증한다,코드가 즉시 폐기되고 세션이 생긴다. 계정당 1세션이라 다른 기기 세션이 끊긴다. 인증 앱 등록은 유지된다,P0,AUTH-03 항목1 연동,,
U-ADM02-28,② 교환하기(나목),ADM-02 ① 거래 승인,[승인] T1 클릭 가능,경계,T1 행 존재,네 조건을 하나씩 깨뜨려 본다: ① 행 상태를 종결로 ② 다른 관리자가 같은 행 처리 중 ③ 교환 재고 < 받는 수량 ④ 기관 상태 02 외,네 경우 모두 [승인]이 비활성이다. 기관 상태는 클릭 시 커스터디를 조회한다,P0,ADM-02 [승인] T1 클릭 가능,,
U-ADM02-31,② 교환하기(나목),ADM-02 ① 거래 승인,[승인] T1 확인 사항,정상,활성 상태의 T1 행,[승인] 클릭,확인 다이얼로그가 뜬다(집행 개시는 구속력 있는 행위),P0,ADM-02 [승인] T1 확인 사항,,
U-ADM02-29,② 교환하기(나목),ADM-02 공통,자기승인 차단,오류,내가 기안한 행,같은 계정으로 [승인]·[보류]·[거절]·[이전 중지]를 시도한다,본인 기안 자기승인이 행 단위로 차단된다,P0,ADM-02 데이터사전 · notation 역할·노출,,
U-ADM02-30,② 교환하기(나목),ADM-02 ①②,기관 비활성 시 대기 건 처리,오류,해당 기관의 ① 대기 행과 ② 미집행 행이 있는 상태,기관 상태가 02 외로 확인되게 만든다,"① 행은 전부 제거·종결(거절). ② 미집행 행은 제거되고, 마목이면 반환 행이 생긴다",P0,ADM-02 항목6,,
U-EXC01-15,② 교환하기(나목),EXC-01 교환하기,예상 받는 수량 계산,경계,ETH↔스테이블 페어,ETH→USDC 와 USDC→ETH 양방향으로 각각 수량을 넣는다,ETH 페어는 방향에 따라 곱하기와 나누기가 갈린다. USDC→ETH 에서 0.0003 같은 값이 4자리로 뭉개지지 않는다,P0,EXC-01 표시 블록 · notation 비율 규격,,
U-EXC02-11,② 교환하기(나목),EXC-02 비율 확인·수락,확정 비율·받는 수량 계산,경계,ETH 페어 요청 건,양방향 각각으로 확정 비율과 받는 수량을 검산한다,계산식이 방향에 맞고 자릿수 규칙(ETH 4 · 스테이블 2)이 지켜진다,P0,EXC-02 확정 비율 고시 · notation,,
U-BRK05-06,③ 교환게시판(마목),BRK-05 이전·완료,내 중개 수수료,표기,확정 건 보유,양측에서 각각 수수료를 확인한다,보는 사람 기준 자기 부담분만 보인다. 요율 1%와 부담 자산이 관점에 따라 다르다,P0,BRK-05 항목4,,
U-BRK07-04,③ 교환게시판(마목),BRK-07 내 신청 상세,내 중개 수수료,표기,신청 보유,수수료를 확인한다,신청자 기준 자기 부담분 1%가 보인다,P0,BRK-07 항목4,,
U-BRK03-08,③ 교환게시판(마목),BRK-03 신청하기,KYC 예외 배너,오류,기관 상태 02 외,BRK-03 진입,배너가 보이고 [이 조건으로 신청]이 비활성,P0,BRK-03 항목8,,
U-DASH02-06,① 가입 및 로그인,DASH-02 비밀번호 수정,[다음] 액션,정상,다른 기기에도 로그인해 둠 · 실패 카운터가 0이 아님,비밀번호를 변경한다,타 기기 세션이 전부 로그아웃되고(현재 세션 유지) 통합 실패 카운터가 0으로 초기화되며 변경 이력이 감사기록에 남는다,P1,DASH-02 [다음] 액션,,
U-ADM03-16,② 교환하기(나목),ADM-03 설정,고정 스프레드 범위,경계,어드민 로그인,0.005%와 6%를 넣고 저장,허용 범위 0.01~5% 밖이라 거부된다,P1,ADM-03 상세 범위,,
U-ADM03-17,② 교환하기(나목),ADM-03 설정,견적 유효시간 범위,경계,상동,20초와 700초를 넣고 저장,허용 범위 30~600초 밖이라 거부된다,P1,ADM-03 상세 범위,,
U-ADM03-18,③ 교환게시판(마목),ADM-03 설정,중개 수수료율 범위,경계,상동,6%를 넣고 저장,허용 범위 0~5% 밖이라 거부된다,P1,ADM-03 상세 범위,,
U-ADM03-19,③ 교환게시판(마목),ADM-03 설정,게시 유효기간 범위,경계,상동,0일과 100일을 넣고 저장,허용 범위 1~90일 밖이라 거부된다,P1,ADM-03 상세 범위,,
U-ADM03-20,③ 교환게시판(마목),ADM-03 설정,신청 유효기간 범위,경계,상동,0영업일과 15영업일을 넣고 저장,허용 범위 1~10영업일 밖이라 거부된다,P1,ADM-03 상세 범위,,
U-ADM03-21,③ 교환게시판(마목),ADM-03 설정,price guard 임계 범위,경계,상동,0.05%와 15%를 넣고 저장,허용 범위 0.1~10% 밖이라 거부된다,P1,ADM-03 상세 범위,,
U-ADM03-22,② 교환하기(나목),ADM-03 설정,건별 한도 입력 검증,경계,상동,0원과 문자를 넣고 저장,거부된다. 허용 범위는 [확인필요],P1,ADM-03 항목7,,
U-ADM03-23,② 교환하기(나목),ADM-03 설정,취급자산 상태 중지,정상,상동,자산 하나를 중지로 바꾼다,확인 다이얼로그가 뜨고 사유를 10~500자로 필수 입력한다. 중지 후 그 자산이 든 페어 2종의 신규 요청·게시·신청이 막힌다,P1,ADM-03 항목1,,
U-ADM03-24,① 가입 및 로그인,ADM-03 설정,기관명 입력,경계,상동,1자와 51자를 넣는다. 이어서 이미 등록된 기관명을 넣는다,2~50자 밖은 거부된다. 중복 기관명도 거부되고 전용 오류 문구가 보인다,P1,ADM-03 항목13,,
U-ADM03-25,① 가입 및 로그인,ADM-03 설정,가입자 이메일 입력,경계,상동,255자 이메일을 넣는다. 이어서 이미 초대·가입된 이메일을 넣는다,254자 초과와 중복이 각각 거부되고 전용 오류 문구가 보인다,P1,ADM-03 항목14,,
U-ADM03-26,① 가입 및 로그인,ADM-03 설정,customerNo 입력,경계,상동,형식이 틀린 값(L- 없음·자리수 불일치)을 넣는다. 이어서 다른 기관에 이미 쓰인 값을 넣는다,L-XXXXXX-XXXX 형식 위반과 중복이 각각 거부된다,P1,ADM-03 항목15,,
U-ADM03-27,① 가입 및 로그인,ADM-03 설정,수탁 지갑 주소 입력,경계,상동,체크섬이 틀린 대소문자 혼용 주소를 넣는다. 이어서 다른 기관에 이미 쓰인 주소를 넣는다,EIP-55 체크섬 불일치와 중복이 각각 거부된다,P1,ADM-03 항목16,,
U-EXC01-16,② 교환하기(나목),EXC-01 교환하기,보내는 자산 ▾ 연동,정상,받는 자산과 수량까지 입력한 상태,보내는 자산을 다른 것으로 바꾼다,받는 자산과 수량이 초기화된다,P1,notation 드롭다운 공통 규격,,
U-ONB02-06,① 가입 및 로그인,ONB-02 2FA 앱 연결,6자리 코드 연동,경계,ONB-02 진입,틀린 코드를 연속 5회 넣는다,시크릿이 재생성되어 QR과 설정 키 값이 바뀌고 재등록 안내 칩이 뜬다,P1,ONB-02 항목3 연동,,
U-BRK06-09,③ 교환게시판(마목),BRK-06 내 게시 상세,[게시 중단] 다이얼로그,표기,게재중 상태와 협의중 상태 각각,두 상태에서 [게시 중단]을 눌러 다이얼로그를 비교한다,협의중일 때만 대기 신청 자동 종결 문장이 추가된다,P2,BRK-06 상세 ①②,,
U-EXC04-05,② 교환하기(나목),EXC-04 내역·완료,거절·만료 안내 배너 문구,표기,거절 3종·만료 2종 건을 각각 만든다,다섯 경우의 배너 문구를 대조한다,한도초과·추가정보확인필요·내부심사기준미충족·수락기한경과·가용풀부족 5종 고정 문구가 기획과 일치한다,P2,EXC-04 상세 2,,
U-DASH03-04,① 가입 및 로그인,DASH-03 2차 인증 재설정,[재설정 메일 발송] 액션,경계,재설정 메일을 1회 받아 둠,"쿨다운 경과 후 재발송하고, 먼저 받은 링크를 클릭한다",이전 미사용 링크가 무효화되어 최신 1개만 유효하다. 발송 이력이 감사기록에 남는다,P2,DASH-03 [재설정 메일 발송] 액션,,
