STEP,런,구간,계정·역할,화면,조작 (그대로 따라 하기),확인 (이게 안 되면 결함),커버 TC,결과,비고
001,S 준비,0. 지원 도구,QA,-,"지원요청 탭의 요청 26건을 개발팀과 함께 훑고, 대응 불가한 항목을 표시한다","못 해주는 항목이 있으면 그 STEP은 나중에 ""불가""로 남긴다",전제,,
002,S 준비,0. 메일함,QA,-,기관 A~E 5개 수신 메일함을 준비하고 QA 시트 맨 위에 적어둔다,5개 주소 모두 수신 확인됨,전제,,
003,S 준비,1. 어드민,관리자,어드민 로그인,어드민 콘솔에 로그인한다,ADM-02 홈이 열린다,U-ADMAUTH-01,,
004,S 준비,2. 정책값,관리자,ADM-03,취급자산 ETH·USDC·USDT 3종 상태를 모두 사용으로 둔다,3종이 개별로 반영된다,U-ADM03-11,,
005,S 준비,2. 정책값,관리자,ADM-03,"스프레드 3개 · 견적 유효시간 120초 · 수수료율 1% · 게시 30일 · 신청 2영업일 · price guard 2.0% · 건별 한도 1,500,000원을 입력하고 [변경 저장]","저장 배너 ""정책값이 저장되었습니다 (vN) — 신규 요청부터 적용""",U-ADM03-08~10 · U-ADM03-13~15,,
006,S 준비,2. 정책값,관리자,ADM-03,일곱 값에 범위 밖 수를 하나씩 넣고 저장해 본다: 스프레드 0.005%·6% / 견적 20초·700초 / 수수료율 6% / 게시 0일·100일 / 신청 0영업일·15영업일 / guard 0.05%·15% / 한도 0원·문자,일곱 항목 모두 허용 범위 밖은 거부된다. 한도 허용 범위는 [확인필요],U-ADM03-16~22,,
007,S 준비,2. 정책값,관리자,ADM-03,취급자산 하나를 중지로 바꾼다,확인 다이얼로그가 뜨고 사유를 10~500자로 필수 입력한다. 중지 후 그 자산이 든 페어 2종의 신규 요청·게시·신청이 막힌다. 확인 뒤 사용으로 되돌린다,U-ADM03-23,,
008,S 준비,2. 정책값,관리자,ADM-03,저장된 값을 화면에서 다시 읽어 위 값과 같은지 대조한다,ADM-03 저장값 = 별표 1 정책값. 이후 모든 기대값의 기준이 된다,전제,,
009,S 준비,1. 테스트 계정,QA → 개발팀,슬랙,"[R-01] 아래 문구를 그대로 슬랙에 보내고 완료 회신을 받는다.  「[QA 준비] 테스트 기관 5곳을 만들려면 아래 두 가지를 먼저 주셔야 합니다. ① customerNo 5개 (형식 L-XXXXXX-XXXX. 커스터디가 발급하는 값이라 저희가 임의로 못 만듭니다) ② 각 기관에 붙일 수탁 지갑 주소 5개 (Ethereum). 이 값들을 ADM-03 초대 폼에 입력해 기관을 만들고, 그 지갑에 잔고를 넣게 됩니다. 기관 A(나목 주계정) · B(마목 게시자) · C(마목 신청자) · D(인증 실험용) · E(예비)로 구분해 주시면 그대로 쓰겠습니다.」",customerNo 5개와 수탁 지갑 주소 5개를 받았다. 시트 맨 위에 적어둔다,지원요청 R-01,,
010,S 준비,3. 기관 생성,관리자,ADM-03,기관명·이메일·customerNo·수탁 지갑 주소를 비우고 [초대 발송]을 눌러본다,필드별 경고가 뜨고 발송되지 않는다,U-ADM03-01,,
011,S 준비,3. 기관 생성,관리자,ADM-03,수탁 지갑 주소에 형식이 틀린 값을 넣고 [초대 발송],형식 검증 경고,U-ADM03-02,,
012,S 준비,3. 기관 생성,관리자,ADM-03,기관명 1자·51자·중복을 차례로 넣어 본다,2~50자 밖과 중복이 각각 거부되고 전용 오류 문구가 보인다,U-ADM03-24,,
013,S 준비,3. 기관 생성,관리자,ADM-03,가입자 이메일 255자·이미 초대된 이메일을 차례로 넣어 본다,254자 초과와 중복이 각각 거부된다,U-ADM03-25,,
014,S 준비,3. 기관 생성,관리자,ADM-03,customerNo 형식 위반(L- 없음·자리수 불일치)을 넣어 본다,L-XXXXXX-XXXX 형식 위반이 거부된다,U-ADM03-26,,
015,S 준비,3. 기관 생성,관리자,ADM-03,체크섬이 틀린 대소문자 혼용 지갑 주소와 이미 쓰인 주소를 차례로 넣어 본다,EIP-55 체크섬 불일치와 중복이 각각 거부된다,U-ADM03-27,,
016,S 준비,3. 기관 생성,관리자,ADM-03,기관 A(나목 주계정) 정상값 입력 후 [초대 발송],기관·가입자 생성. 상태 칩이 활성,U-ADM03-03,,
017,S 준비,3. 기관 생성,관리자,ADM-03,기관 A와 같은 customerNo로 기관 A2를 만들어 본다,기관당 가입자 1명 원칙에 따라 차단되거나 안내된다,U-ADM03-04,,
018,S 준비,3. 기관 생성,관리자,ADM-03,기관 B(마목 게시자) · C(마목 신청자) · D(인증 실험용) · E(만료 실험용) 초대를 차례로 발송한다,5개 기관이 목록에 보인다,U-ADM03-03,,
019,S 준비,3. 기관 생성,관리자,ADM-03,목록의 KYC 상태 칩을 본다,커스터디 조회값(코드 + 조회 시각)이 표시 전용으로 보이고 [상태 변경] 버튼이 없다,U-ADM03-06,,
020,S 준비,0. 지원 도구,QA → 개발팀,슬랙,"[R-02] 아래 문구를 그대로 슬랙에 보내고 완료 회신을 받는다.  「[QA 준비] 아래 표대로 잔고를 넣어 주세요. 건별 한도가 1,500,000원 상당(약 1,100 USDC)이라 한도 초과 입력을 테스트하려면 한도보다 넉넉히 있어야 합니다. 기관 A: USDC 50,000 · USDT 50,000 · ETH 20 / 기관 B: USDT 50,000 · USDC 50,000 · ETH 20 / 기관 C: USDC 20,000 · USDT 20,000 · ETH 0 (ETH만 0으로 두셔야 잔고 부족 화면을 볼 수 있습니다) / 기관 D: 각 100씩 (거래는 안 하고 대시보드 표시만 봅니다) / 기관 E: USDC 20,000 · USDT 20,000 · ETH 0. 그리고 DSRV 쪽 지갑도 부탁드립니다. 나목 교환 재고 USDC 100,000 · USDT 100,000 · ETH 50, 가스 지갑에 ETH 10. 에스크로와 운영 지갑은 0으로 두시면 됩니다. 테스트하면서 채워집니다.」","완료 회신을 받았고, DASH-01과 ADM-03 자산풀에서 값이 보이는지 1회 확인했다",지원요청 R-02,,
021,S 준비,0. 지원 도구,QA → 개발팀,슬랙,"[R-03] 아래 문구를 그대로 슬랙에 보내고 완료 회신을 받는다.  「[QA 준비] 테스트 기간 내내 쓸 수 있도록, 집행 명세와 일치하는 txhash와 일부러 어긋나게 만든 txhash를 둘 다 생성할 수 있는 수단을 주세요. 대사 4항목(발신 지갑·수신 주소·자산·수량) 검증에 씁니다.」","완료 회신을 받았고, 변경이 실제로 반영됐는지 화면이나 조회로 1회 확인했다",지원요청 R-03,,
022,S 준비,4. 잔고 시딩,QA (요청 반영 후),-,DASH-01과 ADM-03 자산풀에서 시딩 결과를 확인한다,DASH-01과 ADM-03 자산풀에 반영된다,U-ADM03-12,,
023,A 가입·로그인,A1 정상 활성화,기관 A,ONB-00,초대 메일을 연다. 발신·수신·제목·본문·유효기간 안내·푸터를 순서대로 읽는다,기획 문구와 일치. 유효기간 72시간·1회용 안내가 있고 공지사항 링크는 없다,U-ONB00-01·03·04,,
024,A 가입·로그인,A1 정상 활성화,기관 A,ONB-00,[계정 활성화 · 비밀번호 설정] 클릭,ONB-01이 열린다,U-ONB00-02,,
025,A 가입·로그인,A1 정상 활성화,기관 A,ONB-01,비밀번호 칸에 한글·공백·허용 외 특수문자를 쳐본다. 이어서 21자를 쳐본다,허용 외 문자는 안 들어가고 20자에서 멈춘다,U-ONB01-01·02,,
026,A 가입·로그인,A1 정상 활성화,기관 A,ONB-01,규칙 위반 값을 천천히 타이핑하며 경고가 뜨는지 본다,입력 중에는 판정하지 않는다,U-ONB01-03,,
027,A 가입·로그인,A1 정상 활성화,기관 A,ONB-01,두 칸을 비우고 [다음],"""값을 입력해 주세요"". 서버 요청 없음",U-ONB01-04,,
028,A 가입·로그인,A1 정상 활성화,기관 A,ONB-01,7자만 넣고 [다음]. 이어서 영문+숫자 2종만 넣고 [다음]. 이어서 이메일 @ 앞부분과 같은 값으로 [다음]. 이어서 같은 문자 반복으로 [다음],매번 위반한 규칙이 문구로 보이고 입력값은 유지되며 화면에 머문다,U-ONB01-05~08,,
029,A 가입·로그인,A1 정상 활성화,기관 A,ONB-01,두 칸에 서로 다른 정상값을 넣고 [다음],"""비밀번호가 일치하지 않습니다"". 확인 칸만 비워지고 첫 칸은 남는다",U-ONB01-09,,
030,A 가입·로그인,A1 정상 활성화,기관 A,ONB-01,첫 칸을 규칙 위반으로 고치고 확인 칸도 다르게 둔 뒤 [다음],문제가 있는 칸마다 경고가 동시에 보인다,U-ONB01-10,,
031,A 가입·로그인,A1 정상 활성화,기관 A,ONB-01,정상값으로 맞추고 [다음]을 연타한다,처리 중에만 비활성이 되어 중복 요청이 가지 않고 ONB-02로 넘어간다,U-ONB01-11·12,,
032,A 가입·로그인,A1 정상 활성화,QA,API,규칙 위반 값을 비밀번호 설정 API로 직접 보낸다,서버는 규칙을 다시 검증하지 않고 저장한다(설계대로). 서버가 거부하면 결함이다,U-ONB01-13,,
033,A 가입·로그인,A1 정상 활성화,기관 A,ONB-02,QR을 스캔한다. 별도 앱에서 설정 키를 수동 입력해 같은 계정이 생기는지도 본다,두 방법 모두 같은 계정으로 등록된다,U-ONB02-01,,
034,A 가입·로그인,A1 정상 활성화,기관 A,ONB-02,6자리를 한 번에 붙여넣어 본다. 이어서 틀린 코드를 손으로 넣는다,붙여넣기 분배는 없다. 틀린 코드는 경고 후 재입력 가능,U-ONB02-03·04,,
035,A 가입·로그인,A1 정상 활성화,기관 A,ONB-02,틀린 코드를 연속 5회 넣는다,시크릿이 재생성되어 QR·설정 키가 바뀌고 재등록 안내 칩이 뜬다,U-ONB02-06,,
036,A 가입·로그인,A1 정상 활성화,기관 A,ONB-02,정확한 6자리를 넣고 손을 뗀다,버튼 없이 자동 검증되어 ONB-03으로 넘어간다,U-ONB02-02·05,,
037,A 가입·로그인,A1 정상 활성화,기관 A,ONB-03,복구 코드와 보관 경고를 확인하고 [복사하기]를 누른다. 복구 코드를 시트에 적어둔다,단일 복구 코드가 보이고 클립보드에 담긴다. [다운로드] 버튼은 없다,U-ONB03-01·02,,
038,A 가입·로그인,A1 정상 활성화,기관 A,ONB-03,[확인] 클릭,활성화 완료. AUTH-01로 이동,U-ONB03-03,,
039,A 가입·로그인,A2 로그인,기관 A,AUTH-01,빈칸으로 [로그인]. 이어서 틀린 비밀번호로 [로그인],빈칸 경고. 틀린 값은 실패 칩과 남은 횟수가 보인다,U-AUTH01-01·02,,
040,A 가입·로그인,A2 로그인,기관 A,AUTH-01,푸터를 확인한다,저작권·개인정보처리방침·이용약관 2링크만. 공지사항 없음,U-AUTH01-07,,
041,A 가입·로그인,A2 로그인,기관 A,AUTH-01,정확한 값으로 [로그인],AUTH-02로 이동,U-AUTH01-03,,
042,A 가입·로그인,A2 로그인,기관 A,AUTH-02,틀린 6자리를 넣는다. 이어서 정확한 코드를 넣는다,틀린 값은 실패 처리. 정확한 값은 자동 검증되어 DASH-01 진입,U-AUTH02-01·02 · I-A-01,,
043,A 가입·로그인,A2 로그인,기관 A,AUTH-02,다른 브라우저에서 같은 계정으로 다시 2차 인증까지 통과한다. 먼저 열어둔 창을 새로고침한다,계정당 1세션이라 먼저 열어둔 세션이 끊기고 AUTH-01로 간다,U-AUTH02-04,,
044,A 가입·로그인,A2 로그인,기관 A,DASH-01,우상단 기관 배지를 클릭한다,로그아웃 메뉴가 열린다,U-DASH01-11,,
045,A 가입·로그인,A2 로그인,기관 A,DASH-01,지갑 잔고와 주소를 본다,ETH 4자리 · USDC/USDT 2자리 절사. 회계 계정명은 보이지 않는다,U-DASH01-03·04,,
046,A 가입·로그인,A3 링크 재사용,기관 A,ONB-04,A1에서 쓴 초대 링크를 다시 클릭한다,1회용이므로 ONB-04가 열리고 재활성화되지 않는다,U-ONB04-02 · I-A-03,,
047,A 가입·로그인,A4 링크 만료,QA → 개발팀,슬랙,"[R-04] 아래 문구를 그대로 슬랙에 보내고 완료 회신을 받는다.  「[QA 요청] 기관 E의 초대를 만료 상태로 바꿔 주세요. 대상 INVITE(기관 E, 미사용 토큰), 만료시각을 현재 이전으로 + status를 만료로. 초대 72시간 만료(AC-02) 확인용입니다.」","완료 회신을 받았고, 변경이 실제로 반영됐는지 화면이나 조회로 1회 확인했다",지원요청 R-04,,
048,A 가입·로그인,A4 링크 만료,기관 E,ONB-04,만료된 기관 E 초대 링크를 클릭한다,"만료 배너 ""관리자에게 재발송을 요청하세요""",U-ONB04-01 · I-A-02,,
049,A 가입·로그인,A4 링크 만료,관리자,ADM-03,기관 E 행에서 [초대 재발송],새 초대 메일이 온다,U-ADM03-05 · I-A-02,,
050,A 가입·로그인,A4 링크 만료,기관 E,ONB-01~03,새 링크로 활성화까지 마친다,정상 활성화된다. 기관 E는 이후 예비 계정으로 남긴다,I-A-02,,
051,A 가입·로그인,A5 중도 이탈,기관 B,ONB-01,기관 B 링크로 들어가 비밀번호만 설정하고 브라우저를 닫는다,ONB-02까지 갔다가 종료,전제,,
052,A 가입·로그인,A5 중도 이탈,기관 B,ONB-02,같은 초대 링크를 다시 클릭한다,처음이 아니라 진행 중이던 ONB-02로 재개된다. 비밀번호를 다시 설정하는 동선은 없다,I-A-04,,
053,A 가입·로그인,A5 중도 이탈,기관 B,ONB-02~03,이어서 2FA 연결과 복구 코드 저장까지 마친다. 복구 코드를 시트에 적는다,기관 B 활성화 완료,전제,,
054,A 가입·로그인,A6 기관 C,기관 C,ONB-01~03,기관 C도 같은 방식으로 활성화한다. 복구 코드를 적어둔다,기관 C 활성화 완료,전제,,
055,A 가입·로그인,A7 복구 코드,기관 C,AUTH-02,로그인 1단계를 통과한 뒤 [복구 코드로 인증] 클릭,AUTH-03으로 이동. 외곽선 버튼,U-AUTH02-03,,
056,A 가입·로그인,A7 복구 코드,기관 C,AUTH-03,틀린 복구 코드로 [인증]. 이어서 정확한 값으로 [인증],클릭 시 검증한다(자동 아님). 성공하면 세션 생성 후 DASH-01,U-AUTH03-01~03 · I-A-07,,
057,A 가입·로그인,A7 복구 코드,기관 C,DASH-01,상단 배너를 확인한다,2차 인증 재설정 권고 배너가 보인다,U-DASH01-06,,
058,A 가입·로그인,A7 복구 코드,기관 C,AUTH-03,다른 브라우저에서 복구 코드로 다시 인증해 본다,앞 세션이 끊긴다. 코드는 이미 폐기됐으므로 재사용도 막힌다. 인증 앱 등록은 유지,U-AUTH03-05,,
059,A 가입·로그인,A7 복구 코드,기관 C,AUTH-03,AUTH-03으로 다시 들어가 '‹ 이전으로'를 누른다,AUTH-02로 돌아간다,U-AUTH03-04,,
060,A 가입·로그인,A9 계정 설정,기관 D,DASH-03,"쿨다운 경과 후 재발송하고, 먼저 받은 링크를 클릭한다",이전 링크가 무효화되어 최신 1개만 유효하다,U-DASH03-04,,
061,A 가입·로그인,A8 잠금·해제,기관 D,AUTH-01,"기관 D를 활성화한 뒤, 비밀번호 2회 · 2FA 2회 · 복구 코드 1회 순서로 일부러 틀린다",5회째에 잠금 배너가 뜨고 로그인이 막힌다. 세 종류가 합산된다,U-AUTH01-04·06 · I-A-05,,
062,A 가입·로그인,A8 잠금·해제,기관 D,AUTH-01,잠금 배너 안의 문의 이메일 링크를 눌러본다,링크가 동작한다,U-AUTH01-05,,
063,A 가입·로그인,A8 잠금·해제,관리자,ADM-02 ④,④ 운영 알림에 생긴 T8 행에서 [확인] → [조치 완료 · 해제],행이 종결되고 관리자 ID·시각이 확인 기록으로 남는다,I-A-05,,
064,A 가입·로그인,A8 잠금·해제,기관 D,AUTH-01,기존 비밀번호·OTP로 다시 로그인한다,로그인이 재개되고 실패 카운트가 0이다,I-A-05,,
065,A 가입·로그인,A9 계정 설정,기관 D,DASH-01,'비밀번호 수정' 카드와 '2차 인증 재설정' 카드를 차례로 눌러 이동만 확인하고 돌아온다,각각 DASH-02 · DASH-03 독립 페이지로 이동,U-DASH01-07·08,,
066,A 가입·로그인,A9 계정 설정,기관 D,DASH-02,틀린 기존 비밀번호로 [다음]. 이어서 규칙 위반 새 비밀번호로 [다음]. 이어서 [취소],불일치 알림 → 필드별 경고 → [취소]는 항상 활성이며 DASH-01로 복귀,U-DASH02-01~03,,
067,A 가입·로그인,A9 계정 설정,기관 D,DASH-02,정상값으로 비밀번호를 변경한다. 새 비밀번호를 시트에 적는다,완료 배너가 고정으로 남는다(자동 닫힘 없음),U-DASH02-04,,
068,A 가입·로그인,A9 계정 설정,기관 D,DASH-02,직전에 쓰던 비밀번호로 다시 변경을 시도한다,재사용 금지(직전 1회)로 거부된다,U-DASH02-05,,
069,A 가입·로그인,A9 계정 설정,기관 D,DASH-02 · AUTH-01,"같은 계정으로 두 브라우저에 로그인해 둔 뒤, 한쪽에서 비밀번호를 바꾸고 다른 브라우저를 새로고침한다",다른 브라우저 세션이 끊겨 AUTH-01로 이동한다,I-A-14,,
070,A 가입·로그인,A9 계정 설정,기관 D,AUTH-01,로그아웃 후 옛 비밀번호 → 새 비밀번호 순으로 로그인한다,옛 값은 거부되고 새 값으로 로그인된다,I-A-11,,
071,A 가입·로그인,A9 계정 설정,기관 D,DASH-02,다른 기기에도 로그인해 두고 실패 카운터를 1 이상 만든 뒤 비밀번호를 한 번 더 바꾼다,타 기기 세션이 전부 끊기고(현재 세션 유지) 실패 카운터가 0이 되며 감사기록에 남는다,U-DASH02-06,,
072,A 가입·로그인,A9 계정 설정,기관 D,DASH-03,"[재설정 메일 발송]을 누르고, 이어서 '‹ 이전으로'를 누른다",발송 결과 배너가 보이고 메일이 온다. 이전으로는 DASH-01 복귀,U-DASH03-01·02,,
073,A 가입·로그인,A9 계정 설정,기관 D,DASH-03,쿨다운이 끝나기 전에 [재설정 메일 발송]을 다시 누른다,cooldownUntil 까지 버튼이 비활성이고 남은 시간이 보인다,U-DASH03-03,,
074,A 가입·로그인,A9 계정 설정,기관 D,AUTH-02,메일 링크로 2FA를 재설정하고 새 2FA로 로그인한다,새 코드로 로그인된다,I-A-12,,
075,A 가입·로그인,A9-1 세션 만료,기관 D,전 화면 · AUTH-01,로그인한 채로 15분(유휴 900초) 동안 아무것도 건드리지 않다가 화면을 조작한다,"AUTH-01로 이동하고 ""세션이 만료되었습니다"" 배너가 보인다. 작업 중이던 입력은 복원되지 않는다",U-AUTH01-08 · I-A-15,,
076,A 가입·로그인,A9-1 세션 만료,QA → 개발팀,슬랙,[R-05] 아래 문구를 그대로 슬랙에 보내고 완료 회신을 받는다.  「[QA 요청] 제 세션의 절대 만료 시각을 현재 이전으로 바꿔 주세요. 대상 member_session.absolute_expires_at. 8시간을 기다릴 수 없어서입니다. 슬라이딩하지 않는 것은 제가 조작하면서 값이 그대로인지로 확인하겠습니다. B-6 세션 만료 확인용입니다.」,"완료 회신을 받았고, 변경이 실제로 반영됐는지 화면이나 조회로 1회 확인했다",지원요청 R-05,,
077,A 가입·로그인,A9-1 세션 만료,기관 D,전 화면 · AUTH-01,재로그인 후 계속 조작하면서 absoluteExpiresAt 이 뒤로 밀리는지 본다. 이어서 강제 경과된 세션으로 화면을 조작한다,계속 써도 만료 시각이 밀리지 않는다(슬라이딩 없음). 도달하면 AUTH-01로 이동,I-A-16,,
078,A 가입·로그인,A10 기관 게이팅,QA → 개발팀,슬랙,[R-06] 아래 문구를 그대로 슬랙에 보내고 완료 회신을 받는다.  「[QA 요청] 기관 C의 커스터디 customerStatusCd를 04 거래중지로 바꿔 주세요. 제가 로그인하기 전까지는 이 시스템 쪽 관문을 아무것도 태우지 말아 주세요. 상태 변경 웹훅이 없다는 것(AC-07)을 확인하려는 것입니다.」,"완료 회신을 받았고, 변경이 실제로 반영됐는지 화면이나 조회로 1회 확인했다",지원요청 R-06,,
079,A 가입·로그인,A10 기관 게이팅,QA (요청 반영 후),-,기관 C 화면을 아무것도 건드리지 않고 그대로 둔 채 잠시 기다린다,즉시 반영되지 않는다,I-A-10,,
080,A 가입·로그인,A10 기관 게이팅,기관 C,DASH-01,기관 C로 새로 로그인한다(T1 관문),이 시점에 반영된다. KYC 예외 배너가 보인다. 상태 변경 웹훅이 없음을 확인,U-DASH01-05 · I-A-08·10,,
081,A 가입·로그인,A10 기관 게이팅,기관 C,EXC-01 · BRK-02 · BRK-03,EXC-01 · BRK-02 · BRK-01 세 화면에 각각 들어가 본다,배너가 보이고 거래 버튼이 비활성. 조회는 가능하고 상태별 문구 차등은 없다. BRK-01 목록도 열린다,U-EXC01-11 · U-BRK02-09 · I-A-08,,
082,A 가입·로그인,A10 기관 게이팅,QA → 개발팀,슬랙,[R-07] 아래 문구를 그대로 슬랙에 보내고 완료 회신을 받는다.  「[QA 요청] 기관 C를 05 거래해지로 바꿔 주세요.」,"완료 회신을 받았고, 변경이 실제로 반영됐는지 화면이나 조회로 1회 확인했다",지원요청 R-07,,
083,A 가입·로그인,A10 기관 게이팅,QA (요청 반영 후),-,관리자가 ADM-03에 들어간다,"회색 칩 ""05 거래해지""",U-ADM03-07 · I-A-09,,
084,A 가입·로그인,A10 기관 게이팅,QA → 개발팀,슬랙,[R-08] 아래 문구를 그대로 슬랙에 보내고 완료 회신을 받는다.  「[QA 요청] 기관 C를 02 활성으로 되돌려 주세요. 이후 마목 신청자로 계속 씁니다.」,"완료 회신을 받았고, 변경이 실제로 반영됐는지 화면이나 조회로 1회 확인했다",지원요청 R-08,,
085,A 가입·로그인,A10 기관 게이팅,QA (요청 반영 후),-,기관 C로 재로그인한다,배너가 사라지고 거래 버튼이 활성된다. 이후 마목 신청자로 쓴다,I-A-08,,
086,A 가입·로그인,A10 기관 게이팅,QA → 개발팀,슬랙,[R-09] 아래 문구를 그대로 슬랙에 보내고 완료 회신을 받는다.  「[QA 요청] 기관 C를 04 거래중지로 다시 바꿔 주세요. 이번에는 제가 로그인한 상태를 유지한 채로 바꿔 주셔야 합니다. 로그인 관문이 아니라 거래 요청·수락 관문에서 잡히는지 확인용입니다.」,"완료 회신을 받았고, 변경이 실제로 반영됐는지 화면이나 조회로 1회 확인했다",지원요청 R-09,,
087,A 가입·로그인,A10 기관 게이팅,기관 C,EXC-01 · BRK-02 · BRK-03 · BRK-04,로그아웃하지 않은 채 거래 요청(T2)과 수락(T3)을 각각 시도한다,로그인 관문을 이미 지났어도 요청·수락 관문에서 각각 잡혀 차단된다,I-A-17,,
088,A 가입·로그인,A10 기관 게이팅,QA → 개발팀,슬랙,[R-10] 아래 문구를 그대로 슬랙에 보내고 완료 회신을 받는다.  「[QA 요청] 기관 C를 02 활성으로 다시 되돌려 주세요.」,"완료 회신을 받았고, 변경이 실제로 반영됐는지 화면이나 조회로 1회 확인했다",지원요청 R-10,,
089,A 가입·로그인,A11 갱신 방식,기관 A,DASH-01,DASH-01을 열어둔 채 다른 창에서 상태를 바꾸고 원래 창을 관찰한다,자동 갱신·폴링·토스트가 없다. 새로고침해야 반영된다,U-DASH01-10 · I-X-01,,
090,B 나목 교환,B0 요청 화면,기관 A,EXC-01,보내는 자산 드롭다운을 연다. 바깥을 클릭하고 다시 열어 ESC를 누른다,ETH·USDC·USDT 3종이 보이고 바깥 클릭·ESC로 닫힌다,U-EXC01-01·03,,
091,B 나목 교환,B0 요청 화면,기관 A,EXC-01,받는 자산과 수량까지 넣은 뒤 보내는 자산을 다른 것으로 바꾼다,받는 자산과 수량이 초기화된다,U-EXC01-16,,
092,B 나목 교환,B0 요청 화면,기관 A,EXC-01,보내는 자산을 USDC로 고른 뒤 받는 자산 목록을 연다,USDC가 목록에서 빠져 있다,U-EXC01-02,,
093,B 나목 교환,B0 요청 화면,기관 A,EXC-01,수량 칸에 USDC 소수 3자리를 입력한다,2자리로 절사되어 처리된다,U-EXC01-04,,
094,B 나목 교환,B0 요청 화면,기관 A,EXC-01,표시 블록 전체를 읽는다,교환 가능 풀·참고 비율·예상 받는 수량·스프레드·예상 가스비가 자산 선택 시 1회 조회되어 보인다,U-EXC01-05,,
095,B 나목 교환,B0 요청 화면,기관 A,EXC-01,ETH→USDC 와 USDC→ETH 양방향으로 각각 수량을 넣고 예상 받는 수량을 검산한다,방향에 따라 곱하기와 나누기가 갈린다. USDC→ETH 에서 0.0003 같은 값이 4자리로 뭉개지지 않는다,U-EXC01-15,,
096,B 나목 교환,B0 요청 화면,기관 A,EXC-01,원화 표기와 시세 소스명·회계 계정명이 있는지 훑는다,셋 다 보이지 않는다,U-EXC01-06·07,,
097,B 나목 교환,B0 요청 화면,기관 A,EXC-01,"한도 1,500,000원 상당을 넘는 수량을 넣는다. 이어서 잔고보다 큰 수량을 넣는다",각각 비활성 또는 경고. 요청이 생성되지 않는다,U-EXC01-08·10,,
098,B 나목 교환,B0 요청 화면,기관 A,EXC-01,한도 경계 바로 아래 수량으로 바꾼다,통과한다. 요청 시점 KRW 시세 환산·원 단위 절사,U-EXC01-09 · I-B-16,,
099,B 나목 교환,B1 정상 완주,기관 A,EXC-01,[거래 요청] 클릭. 요청번호를 시트에 적는다 (= 건 #1),EXC-02로 이동하고 상태가 요청됨,U-EXC01-14 · I-B-01,,
100,B 나목 교환,B1 정상 완주,기관 A,EXC-02,진입 직후 화면을 관찰한다,"""불러오는 중…"" 후 확정 비율이 표시된다",U-EXC02-01,,
101,B 나목 교환,B1 정상 완주,기관 A,EXC-02,확정 비율·받는 수량·스프레드·예상 가스비·카운트다운·고지 문구를 전부 읽는다,"자릿수 규칙 준수. 가스비는 ETH 단일 표기. ""차감 후 받는 수량"" 행 없음. 120초 카운트다운. ""자체 시세 아님 · DSRV 상대방"" 고지",U-EXC02-02~05·09,,
102,B 나목 교환,B1 정상 완주,기관 A,EXC-02,ETH 페어 건을 따로 만들어 확정 비율과 받는 수량을 양방향으로 검산한다,계산식이 방향에 맞고 자릿수 규칙(ETH 4 · 스테이블 2)이 지켜진다,U-EXC02-11,,
103,B 나목 교환,B1 정상 완주,기관 A,EXC-02,[수락] 클릭,확인 다이얼로그 없이 즉시 확정되고 EXC-03으로 이동,U-EXC02-06 · I-B-01,,
104,B 나목 교환,B1 정상 완주,기관 A,EXC-03,스텝바와 안내를 확인한다,"스텝 2 ""DSRV 거래 진행중"". 내부 단계·담당자가 보이지 않는다",U-EXC03-01·02,,
105,B 나목 교환,B1 정상 완주,기관 A,EXC-03,[확인] 클릭,DASH-01로 이동한다,U-EXC03-03,,
106,B 나목 교환,B1 정상 완주,관리자,ADM-02 ①,① 목록에서 건 #1 행을 클릭해 펼친다. 다른 행도 눌러본다,확장되고 동시에 1개만 열린다,U-ADM02-01,,
107,B 나목 교환,B1 정상 완주,관리자,ADM-02 ①,확장 패널의 자동검증 블록을 읽는다,건별 한도·교환 재고·기관 상태·BLF·KYT·이상거래 룰이 값과 함께 보인다,I-B-21,,
108,B 나목 교환,B1 정상 완주,관리자,ADM-02 ①,네 조건을 하나씩 깨뜨려 [승인] 상태를 본다: 행 종결 / 다른 관리자 처리 중 / 재고 < 받는 수량 / 기관 02 외,네 경우 모두 비활성. 기관 상태는 클릭 시 커스터디를 조회한다,U-ADM02-28,,
109,B 나목 교환,B1 정상 완주,관리자 2명,ADM-02 ①,내가 기안한 행을 같은 계정으로 승인·보류·거절해 본다,본인 기안 자기승인이 행 단위로 차단된다,U-ADM02-29,,
110,B 나목 교환,B1 정상 완주,관리자,ADM-02,창 폭을 2000px 이상으로 늘려 스크롤한다,ADM-02 목업 패널이 따라오지 않고 제자리에 고정된다,U-ADM02-07,,
111,B 나목 교환,B1 정상 완주,관리자,ADM-02 ①,활성 상태에서 [승인]을 누른다,확인 다이얼로그가 먼저 뜬다,U-ADM02-31,,
112,B 나목 교환,B1 정상 완주,관리자,ADM-02 ①,건 #1에 [승인],① 행이 제거되고 ② 집행에 입고·출고 2행이 생긴다,U-ADM02-02 · I-B-01,,
113,B 나목 교환,B1 정상 완주,관리자,ADM-02 ②,입고 행을 펼치고 [명세 Excel]을 받는다. 출고 행 상태도 본다,명세가 그대로 펼쳐지고 1건 1파일로 받아진다. 명세 해시·승인자 ID가 화면과 같다. 출고 행은 비활성,U-ADM02-08·09·13,,
114,B 나목 교환,B1 정상 완주,관리자,ADM-02 ②,입고 행에 명세와 다른 txhash를 넣고 [완료]를 눌러본다,완료가 차단되고 txhash 필드에 경고. 행이 정지된다,U-ADM02-12 · I-B-10,,
115,B 나목 교환,B1 정상 완주,관리자,ADM-02 ④,④에 생긴 N3 알림에서 [확인] → 정정 후 [조치 완료 · 정정 완료 재대사],② 행이 재활성된다. 고객 화면은 그동안 변화가 없다,I-B-10 · U-ADM02-19,,
116,B 나목 교환,B1 정상 완주,관리자,ADM-02 ②,명세 다운로드를 하지 않은 상태에서 일치하는 txhash를 넣고 [완료],4항목 일치 시에만 활성되고 완료된다. 명세 다운로드 여부는 완료를 막지 않는다,U-ADM02-10·11·14,,
117,B 나목 교환,B1 정상 완주,관리자,ADM-02 ②,[완료]를 연타하고 같은 요청을 재전송해 본다,이중 처리되지 않는다,I-X-03,,
118,B 나목 교환,B1 정상 완주,관리자,ADM-02 ②,입고 완료 후 출고 행을 본다. 출고에 일치 txhash를 넣고 [완료],입고 완료 뒤에만 출고가 활성된다. 완료 시 거래가 끝난다,U-ADM02-13 · I-B-01,,
119,B 나목 교환,B1 정상 완주,기관 A,EXC-01,승인으로 ② 예약이 잡힌 상태에서 EXC-01 교환 가능 풀을 확인한다,예약분만큼 풀이 줄어 있다(가용 재고 = 잔고 − 집행 대기 예약),I-X-07,,
120,B 나목 교환,B1 정상 완주,기관 A,EXC-04 · DASH-01,고객 화면을 새로고침한다,스텝 3 체크·완료 일시·발생 가스비·실수령 수량. DASH-01 잔고 반영. 완료 이메일 ③ 수신,U-EXC04-01·04 · I-B-01,,
121,B 나목 교환,B1 정상 완주,기관 A,DASH-01,상태 칩 색과 라벨을 확인한다,대기·진행·완료·종결 4종만. 빨간 칩 없음,U-DASH01-02,,
122,B 나목 교환,B2 거절·만료,기관 A,EXC-01~02,새로 요청한다 (= 건 #2). EXC-02에서 [거절],확인 다이얼로그 없이 EXC-04 「거절 (고객 요청)」. 이메일 ⑤ 수신,U-EXC02-07 · I-B-02,,
123,B 나목 교환,B2 거절·만료,기관 A,EXC-02,거절로 종결된 건 #2에 거절을 한 번 더 보낸다,오류가 아니라 현재 상태를 그대로 돌려준다,U-EXC02-10,,
124,B 나목 교환,B2 거절·만료,기관 A,EXC-01~02,새로 요청한다 (= 건 #3). EXC-02에 머문 채 카운트다운을 지켜본다,120초가 흐른다. 이 2분 동안 아래 STEP을 함께 처리한다,U-EXC02-05,,
125,B 나목 교환,B2 거절·만료,관리자,ADM-02 ①,건 #3이 비율 제시 상태인 동안 ADM-03에서 스프레드를 바꿔 저장한다,"저장 배너 ""(vN) — 신규 요청부터 적용""",U-ADM03-08,,
126,B 나목 교환,B2 거절·만료,기관 A,EXC-02,건 #3 화면의 확정 비율을 다시 본다,요청 시점 값 그대로 유지된다. 소급 적용되지 않는다,I-B-15,,
127,B 나목 교환,B2 거절·만료,기관 A,EXC-02,카운트다운이 끝날 때까지 기다린다,"""만료됨 — 비율 무효""가 뜨고 [수락]이 비활성",U-EXC02-08 · I-B-03,,
128,B 나목 교환,B2 거절·만료,기관 A,EXC-04,화면을 나갔다가 건 #3으로 재진입한다,「만료」로 보인다. 이메일 ⑥ 수신. 재요청은 새 번호로만 가능,U-EXC04-03 · I-B-03,,
129,B 나목 교환,B3 보류 처리,기관 A,EXC-01~02,건 #4와 건 #5를 연달아 만들고 둘 다 [수락]한다,① 목록에 2행이 나란히 생긴다,전제,,
130,B 나목 교환,B3 보류 처리,관리자,ADM-02 ①,건 #4에 사유 없이 [보류]를 눌러본다,사유가 필수라 진행되지 않는다,U-ADM02-03,,
131,B 나목 교환,B3 보류 처리,관리자,ADM-02 ①,건 #4·#5 둘 다 사유를 넣어 [보류],둘 다 HOLD로 유지된다. 만료 시한이 없다,U-ADM02-04 · I-B-05,,
132,B 나목 교환,B3 보류 처리,기관 A,EXC-03,건 #4 고객 화면을 새로고침한다,진행 중 표시 그대로. 보류 사실·사유·담당자가 보이지 않는다,U-EXC03-02 · I-B-05,,
133,B 나목 교환,B3 보류 처리,관리자,ADM-02 ①,건 #4에 [승인] → ② 입고·출고를 일치 txhash로 완료,보류에서 승인으로 재검토되어 정상 완결된다,I-B-05,,
134,B 나목 교환,B3 보류 처리,관리자,ADM-02 ①,건 #5에 AML 사유로 [거절],종결되고 되돌릴 수 없다. ③ AML에 STR 검토 건이 자동 생성된다,U-ADM02-05 · I-B-06·07,,
135,B 나목 교환,B1 정상 완주,기관 A,DASH-01,완료된 건 #1 행을 클릭한다,EXC-04 상세로 이동한다,U-DASH01-01,,
136,B 나목 교환,B3 보류 처리,기관 A,EXC-04,건 #5 화면을 본다,「거절 (DSRV 심사)」와 일반화 사유 배너만. 구체 사유 없음. 이메일 ⑤,U-EXC04-02 · I-B-06,,
137,B 나목 교환,B3 보류 처리,기관 A,EXC-04,거절 3종(한도초과·추가정보확인필요·내부심사기준미충족)과 만료 2종(수락기한경과·가용풀부족)을 각각 만들어 배너 문구를 대조한다,다섯 고정 문구가 기획과 일치한다. 내부 사유는 어디에도 안 나온다,U-EXC04-05,,
138,B 나목 교환,B3 보류 처리,관리자,ADM-02 ③,생성된 ③ 행에서 [검토] → 사유 넣고 [무혐의 종결],검토중으로 바뀌었다가 행이 제거된다,U-ADM02-15·17,,
139,B 나목 교환,B4 이상거래,QA → 개발팀,슬랙,[R-11] 아래 문구를 그대로 슬랙에 보내고 완료 회신을 받는다.  「[QA 요청] 다음에 만들 나목 교환 건 1건에 이상거래 룰이 적중하도록 설정해 주세요. 자전·통정·위장게시·비정상 교환패턴 중 아무 룰이나 좋습니다. AM-01 확인용입니다.」,"완료 회신을 받았고, 변경이 실제로 반영됐는지 화면이나 조회로 1회 확인했다",지원요청 R-11,,
140,B 나목 교환,B4 이상거래,기관 A,ADM-02 ①③,건 #6을 만들고 수락한다,고객 화면에는 아무 반영이 없다,I-B-17,,
141,B 나목 교환,B4 이상거래,관리자,ADM-02 ①③,① 목록과 ③ 목록을 함께 본다,"① 해당 행이 에스컬레이션으로 표시되고 ""③ 1건""이 보인다. ③에 T5 행 생성",U-ADM02-06 · I-B-17,,
142,B 나목 교환,B4 이상거래,관리자,ADM-02 ③,[검토] → 사유 넣고 [STR 검토],행 제거·종결(STR 이관). 연계 ① 건 처리는 [확인필요] 미결,U-ADM02-16,,
143,B 나목 교환,B4 이상거래,관리자,ADM-02 ①,건 #6을 승인해 완결하거나 거절해 정리한다,다음 STEP에 잔여 대기 건이 남지 않는다,전제,,
144,B 나목 교환,B5 재검증 실패,QA → 개발팀,슬랙,[R-12] 아래 문구를 그대로 슬랙에 보내고 완료 회신을 받는다.  「[QA 요청] 제가 신호를 드리면 나목 교환 재고(POOL)를 0으로 소진시켜 주세요. 제가 EXC-02에서 [수락]을 누르기 직전 시점이어야 합니다. EX-07 수락 시점 재검증 실패 확인용입니다.」,"완료 회신을 받았고, 변경이 실제로 반영됐는지 화면이나 조회로 1회 확인했다",지원요청 R-12,,
145,B 나목 교환,B5 재검증 실패,기관 A,EXC-02,건 #7을 만들어 비율 제시 상태로 둔다. 개발팀에 소진 신호를 준 뒤 [수락],"""가용 재고 부족 · 비율 변동"" 안내와 [수락] 비활성 → EXC-04 「만료」",I-B-04,,
146,B 나목 교환,B5 재검증 실패,기관 A · 개발 지원,EXC-02,"별도 건을 비율 제시 상태로 두고, 재고는 그대로 둔 채 시세만 크게 움직인 뒤 [수락]","""비율 변동""으로 만료된다. 재고 부족과 달리 ④ 알림 행이 생기지 않고 기록만 남는다",I-B-20,,
147,B 나목 교환,B5 재검증 실패,관리자,ADM-02 ④,④ 목록을 본다,N2 재고 부족 알림이 생성돼 있다,U-ADM02-18 · I-B-04,,
148,B 나목 교환,B5 재검증 실패,기관 A,EXC-01,재고가 0인 상태에서 EXC-01에 들어간다,[거래 요청]이 비활성이고 요청 레코드가 만들어지지 않는다,U-EXC01-13 · I-B-09,,
149,B 나목 교환,B5 재검증 실패,QA → 개발팀,슬랙,[R-13] 아래 문구를 그대로 슬랙에 보내고 완료 회신을 받는다.  「[QA 요청] 나목 교환 재고(POOL)를 원래대로 보충해 주세요.」,"완료 회신을 받았고, 변경이 실제로 반영됐는지 화면이나 조회로 1회 확인했다",지원요청 R-13,,
150,B 나목 교환,B5 재검증 실패,관리자,ADM-02 ④,N2 알림에서 [확인] → [조치 완료 · 재고 보충 확인],행이 종결되고 요청이 다시 가능해진다,U-ADM02-19,,
151,B 나목 교환,B5 재검증 실패,기관 A,EXC-01,조회를 실패시킨 상태에서 EXC-01과 BRK-02에 들어간다,"값이 ""—""로 보이고 배너가 뜨며 버튼이 비활성. 추측값을 채우지 않는다",I-X-08,,
152,B 나목 교환,B6 커스터디 웹훅,기관 A,ADM-02 ②,건 #8을 만들어 수락·승인까지 진행해 ② 미집행 행을 남긴다,② 입고 행이 대기 상태,전제,,
153,B 나목 교환,B6 커스터디 웹훅,QA → 개발팀,슬랙,[R-14] 아래 문구를 그대로 슬랙에 보내고 완료 회신을 받는다.  「[QA 요청] 거래 건 (건 #8 번호를 적어 보낼 것)에 커스터디 거래 위험 중지 웹훅을 발신해 주세요. 페이로드는 건 번호 + 상태값만이고 사유·단계는 넣지 말아 주세요.」,"완료 회신을 받았고, 변경이 실제로 반영됐는지 화면이나 조회로 1회 확인했다",지원요청 R-14,,
154,B 나목 교환,B6 커스터디 웹훅,QA (요청 반영 후),-,웹훅 수신 후 고객 화면과 ② 집행 목록을 확인한다,"미집행 ② 행 거절·거래 거절. 고객에 ""진행 불가"". 이메일 ⑤. 사유·단계는 페이로드에 없다",I-B-11,,
155,B 나목 교환,B6 커스터디 웹훅,QA → 개발팀,슬랙,[R-15] 아래 문구를 그대로 슬랙에 보내고 완료 회신을 받는다.  「[QA 요청] 같은 건에 해제 웹훅을 발신해 주세요.」,"완료 회신을 받았고, 변경이 실제로 반영됐는지 화면이나 조회로 1회 확인했다",지원요청 R-15,,
156,B 나목 교환,B6 커스터디 웹훅,QA (요청 반영 후),-,해제 웹훅 수신 후 상태를 확인한다,기록만 남고 거절이 복구되지 않는다,I-B-12,,
157,B 나목 교환,B6 커스터디 웹훅,기관 A · 관리자,ADM-02 ②,미집행 ② 행이 남은 나목 건을 새로 하나 만들어 둔다(건 #8은 앞 STEP에서 이미 거절 종결됐다),다음 STEP의 수동 처리 대상이 확보된다,전제,,
158,B 나목 교환,B6 커스터디 웹훅,QA → 개발팀,슬랙,[R-16] 아래 문구를 그대로 슬랙에 보내고 완료 회신을 받는다.  「[QA 요청] 웹훅 수신 엔드포인트를 일시 차단하고 커스터디 재시도가 전부 실패하도록 만들어 주세요. 슬랙 통보를 확인한 뒤 원복 부탁드립니다.」,"완료 회신을 받았고, 변경이 실제로 반영됐는지 화면이나 조회로 1회 확인했다",지원요청 R-16,,
159,B 나목 교환,B6 커스터디 웹훅,QA (요청 반영 후),-,재시도 실패 후 슬랙 통보와 관리자 수동 처리를 확인한다,슬랙 통보가 오고 관리자가 [이전 중지]를 수동 수행한다. 되묻는 조회 API는 없다,I-B-13,,
160,B 나목 교환,B7 일괄 거절,기관 A,ADM-02 ①②,"건 #9와 건 #10을 만들어 하나는 ① 대기, 하나는 ② 미집행 상태로 남긴다",두 섹션에 각각 행이 있다,전제,,
161,B 나목 교환,B7 일괄 거절,관리자,ADM-02 ②,한 건은 서명·전송까지 마치고 txhash 미입력 상태로 둔다,집행 중인 콜드 이전 확보,전제,,
162,B 나목 교환,B7 일괄 거절,QA → 개발팀,슬랙,[R-17] 아래 문구를 그대로 슬랙에 보내고 완료 회신을 받는다.  「[QA 요청] 기관 A를 04 거래중지로 바꿔 주세요. 제가 ① [승인]을 누르는 순간의 관문 조회에서 잡혀야 합니다. AC-08 일괄 거절 확인용입니다.」,"완료 회신을 받았고, 변경이 실제로 반영됐는지 화면이나 조회로 1회 확인했다",지원요청 R-17,,
163,B 나목 교환,B7 일괄 거절,관리자,ADM-02 ①,관리자가 건 #9에 [승인]을 클릭한다,승인 클릭 순간의 관문 조회에서 비활성이 확인된다,I-B-14 · AC-08,,
164,B 나목 교환,B7 일괄 거절,관리자,ADM-02 ①②,두 섹션을 확인한다,"해당 기관 ① 행 전부 제거·종결, ② 미집행 행 제거. 이메일 ⑤",I-B-14,,
165,B 나목 교환,B7 일괄 거절,기관 A,EXC-04,고객 화면을 본다,「거절 (DSRV 심사)」와 일반화 사유만 보인다,I-B-14,,
166,B 나목 교환,B7 일괄 거절,QA → 개발팀,슬랙,[R-18] 아래 문구를 그대로 슬랙에 보내고 완료 회신을 받는다.  「[QA 요청] 기관 A를 02 활성으로 되돌려 주세요.」,"완료 회신을 받았고, 변경이 실제로 반영됐는지 화면이나 조회로 1회 확인했다",지원요청 R-18,,
167,B 나목 교환,B7 일괄 거절,QA (요청 반영 후),-,기관 A가 다시 거래 가능한지 EXC-01에서 확인한다,이후 STEP을 위해 복구,전제,,
168,B 나목 교환,B8 시세 중단,기관 A,EXC-02,건 #11을 만들어 수락하고 ① 대기 상태로 남겨둔다 (진행 중 건 확보),① 행 1개 존재,전제,,
169,B 나목 교환,B8 시세 중단,QA → 개발팀,슬랙,[R-19] 아래 문구를 그대로 슬랙에 보내고 완료 회신을 받는다.  「[QA 요청] 시세 소스를 무수신 상태로 만들어 임계를 경과시켜 주세요. OP-01 확인용이라 제가 해제를 요청할 때까지 유지해 주세요.」,"완료 회신을 받았고, 변경이 실제로 반영됐는지 화면이나 조회로 1회 확인했다",지원요청 R-19,,
170,B 나목 교환,B8 시세 중단,QA (요청 반영 후),-,차단이 걸렸는지 확인한다,차단이 시작된다,I-B-08,,
171,B 나목 교환,B8 시세 중단,기관 A,EXC-01 · BRK-02 · BRK-03,EXC-01 · BRK-02 · BRK-01 세 화면에 들어가 본다,배너와 함께 신규 요청·게시·신청 버튼이 비활성. 사유는 일반화 문구,U-EXC01-12 · U-BRK02-08 · I-B-08,,
172,B 나목 교환,B8 시세 중단,기관 A,EXC-03,건 #11을 확인한다,진행 중 건은 영향이 없다,I-B-08,,
173,B 나목 교환,B8 시세 중단,QA → 개발팀,슬랙,[R-20] 아래 문구를 그대로 슬랙에 보내고 완료 회신을 받는다.  「[QA 요청] 시세 소스를 정상 수신으로 복구해 주세요.」,"완료 회신을 받았고, 변경이 실제로 반영됐는지 화면이나 조회로 1회 확인했다",지원요청 R-20,,
174,B 나목 교환,B8 시세 중단,관리자,ADM-02 ④,N1 알림을 확인하고 [확인] → 시세 복구 후 [조치 완료 · 정상 수신 확인],에스컬레이션으로 생성돼 있고 종결 시 차단이 해제된다. 대체 소스로 넘기지 않는다,I-B-08,,
175,B 나목 교환,B8 시세 중단,관리자,ADM-02 ①②,건 #11을 승인·집행해 완결한다,나목 구간 정리 완료,전제,,
176,C 마목 중개,C0 게시판,기관 B,BRK-01,목록 헤더·칩·컬럼을 확인한다,notation 규격과 일치,U-BRK01-01,,
177,C 마목 중개,C0 등록 화면,기관 B,BRK-02,[+ 거래의향 등록] → 보내는 자산을 고르고 받는 자산 목록을 연다,BRK-02로 이동하고 보내는 자산이 받는 목록에서 빠진다,U-BRK01-07 · U-BRK02-01,,
178,C 마목 중개,C0 등록 화면,기관 B,BRK-02,보유·처분 가능 잔고 표시와 게시 유효기간을 읽는다,보유와 처분 가능이 구분되고 30일이 보인다,U-BRK02-02·05,,
179,C 마목 중개,C0 등록 화면,기관 B,BRK-02,양측 수량을 넣어 환산 비율·현 시세·편차를 본다. ETH 페어도 한 번 넣어본다,ETH 페어 비율은 방향 무관 {스테이블}/ETH 2자리,U-BRK02-03,,
180,C 마목 중개,C0 등록 화면,기관 B,BRK-02,임계 2.0%를 넘는 편차가 나오는 수량을 넣고 [게시],등록이 거부된다. 경고만 띄우고 통과시키지 않는다,U-BRK02-04,,
181,C 마목 중개,C0 등록 화면,기관 B,BRK-02,한도 초과 수량 → 처분 가능분 초과 수량 순으로 넣어본다,각각 비활성 또는 인라인 경고. 게시가 생성되지 않는다,U-BRK02-06·07 · I-C-02·17,,
182,C 마목 중개,C0 등록 화면,기관 B,BRK-02,[취소]를 눌러본다,항상 활성이며 BRK-01로 돌아간다,U-BRK02-11,,
183,C 마목 중개,C0 등록 화면,기관 B,BRK-02,기관 C가 ETH를 보내야 하는 게시와 한도 경계를 넘는 게시를 각각 하나씩 올려 둔다,다음 STEP 게이트 확인용 게시 2건,전제,,
184,C 마목 중개,C1 정상 완주,기관 B,BRK-02,정상값으로 [게시] (= 게시 #1). 게시번호를 시트에 적는다,BRK-06으로 이동. 유효기간 30일 시작·price guard 기준가 스냅숏,U-BRK02-10 · I-C-01,,
185,C 마목 중개,C0 등록 화면,기관 C,BRK-03,잔고가 모자란 자산의 게시에 들어가 게이트를 본다. 이어서 한도를 넘는 게시에도 들어간다,두 경우 모두 잔고·한도 표시와 경고가 보이고 [신청]이 비활성,U-BRK03-04·05 · I-C-17,,
186,C 마목 중개,C0 등록 화면,기관 C,BRK-03,기관 상태를 02 외로 만든 상태에서 BRK-03에 들어간다,KYC 예외 배너가 보이고 [이 조건으로 신청]이 비활성,U-BRK03-08,,
187,C 마목 중개,C1 정상 완주,기관 B,BRK-06,상태 행과 받은 신청 영역을 본다,게시 상태 칩과 받은 신청 건수(0). 빈 상태 표시,U-BRK06-01·02,,
188,C 마목 중개,C1 정상 완주,기관 C,BRK-01,기관 C로 로그인해 게시판을 본다,기관 B의 게시가 게재중으로 보인다,U-BRK01-02,,
189,C 마목 중개,C1 정상 완주,기관 C,BRK-03,게시 #1 행을 클릭한다. 내역·상대 행 라벨·수수료·게이트를 전부 읽는다,"신청자 기준 수량으로 보이고 게시자 표기가 전혀 없다. 상대 행은 ""거래 상대방"". 수수료 1%. 확정 전이라 상대 기관이 가려져 있다",U-BRK03-01~03 · U-BRK06-08 · I-C-18,,
190,C 마목 중개,C1 정상 완주,기관 C,BRK-03,고지 문구를 확인한다,"단독 실행 결과 고지와 ""DSRV 비참여·기록만"" 고지가 보인다",U-BRK03-07,,
191,C 마목 중개,C1 정상 완주,기관 C,BRK-03,[이 조건으로 신청] 클릭,확인 다이얼로그 후 접수되어 BRK-07로 이동. 게시자에게 이메일 ①,U-BRK03-06 · I-C-01,,
192,C 마목 중개,C1 정상 완주,기관 C,BRK-07,스텝바·상태 행·수수료·취소 동선을 확인한다,신청 → 협의중 → 확정 → 이전·완료. 신청 시점과 유효기한 2영업일. 신청 취소 동선이 없다,U-BRK07-01~03,,
193,C 마목 중개,C1 정상 완주,기관 B,BRK-06 → BRK-04,BRK-06에서 신청 카드를 보고 [신청 보기],카드 1건이 보이고 BRK-04로 이동,U-BRK06-03·04,,
194,C 마목 중개,C1 정상 완주,기관 B,BRK-04,받은 신청 정보·수수료·버튼 구성을 확인한다,신청자·시점·유효기한이 보인다. 게시자 기준 수수료 1%. [취소] 버튼이 없다,U-BRK04-01·02·06,,
195,C 마목 중개,C1 정상 완주,기관 B · C,BRK-01,기관 B와 기관 C가 각각 게시판을 본다,"기관 B는 ""내 게시"" 표시가 있는 행에서 BRK-06으로, 기관 C는 내 신청 중인 행에서 BRK-07로 이동한다",U-BRK01-04·05,,
196,C 마목 중개,C1 정상 완주,기관 B,BRK-04,[수락] 클릭,확인 다이얼로그 후 확정. BRK-05로 이동. 양측 이메일 ②,U-BRK04-03 · I-C-01,,
197,C 마목 중개,C1 정상 완주,기관 B · C,BRK-06 · BRK-05,양측에서 상대 기관 정보를 확인한다,확정 순간 상호 마스킹이 해제되고 [이전 진행 보기 →]가 보인다,U-BRK06-08 · I-C-18,,
198,C 마목 중개,C1 정상 완주,기관 B · C,BRK-05,양측 화면에서 확정 거래 내역을 각각 읽는다,보는 고객 기준 보내는 수량/받는 수량만. 게시자 기준 행·내 기준 행이 없다,U-BRK05-01·02 · I-C-01,,
199,C 마목 중개,C1 정상 완주,기관 B · C,BRK-05 · BRK-07,양측에서 내 중개 수수료를 각각 확인한다,보는 사람 기준 자기 부담분만 보인다. 요율 1%와 부담 자산이 관점에 따라 다르다,U-BRK05-06 · U-BRK07-04,,
200,C 마목 중개,C1 정상 완주,관리자,ADM-02 ①,① 목록의 T2 행에서 [승인],① 행 제거. ② 집행에 예치 2행이 생긴다,U-ADM02-22 · I-C-01,,
201,C 마목 중개,C1 정상 완주,관리자,ADM-02 ②,예치 행을 펼쳐 수량을 검산한다,예치 = 거래 + 수수료 1%(각자). 게시자·신청자 각각,I-C-12,,
202,C 마목 중개,C1 정상 완주,관리자,ADM-02 ②,예치 1건만 일치 txhash로 [완료]하고 멈춘다,인도 행이 자동 생성되지 않는다,I-C-13,,
203,C 마목 중개,C1 정상 완주,관리자,ADM-02 ②,예치 행에서 [보류] + 사유를 넣었다가 같은 행에서 재개한다,미집행 행이 정지되고 사유가 남는다. 만료 시한이 없고 같은 행에서 재개된다,I-C-20,,
204,C 마목 중개,C1 정상 완주,기관 B · C,BRK-05,양측 화면을 본다,내 예치 완료 / 상대 예치 대기로 구분되고 완결성이 표시된다,U-BRK05-04 · I-C-13,,
205,C 마목 중개,C1 정상 완주,관리자,ADM-02 ②,나머지 예치 1건도 [완료],인도 2행이 별도 승인 클릭 없이 자동 생성된다,U-ADM02-25 · I-C-01,,
206,C 마목 중개,C1 정상 완주,관리자,ADM-02 ②,인도 행 명세 수량을 검산한다,인도 = 거래 − 가스. 수수료·가스 차감 후 수량,U-ADM02-26 · I-C-12,,
207,C 마목 중개,C1 정상 완주,관리자,ADM-02 ②,인도 행에 명세와 다른 txhash로 [완료]를 시도한다. 정정 후 재대사,완료가 차단되고 행이 정지되며 ④ N3 알림. 정정하면 재활성,I-C-22,,
208,C 마목 중개,C1 정상 완주,관리자,ADM-02 ②,인도 2건을 일치 txhash로 [완료],거래가 완료된다,I-C-01,,
209,C 마목 중개,C1 정상 완주,기관 B · C,BRK-05~07 · DASH-01,양측 화면을 새로고침한다,스텝 4 완료 배너. BRK-06 완료 + 링크. BRK-07 스텝 4. 잔고 반영. 양측 이메일 ③,U-BRK05-03 · I-C-01,,
210,C 마목 중개,C1 정상 완주,관리자,ADM-02 ②,에스크로 잔여를 확인한다,수수료 + 가스 차감분이 남아 있다,I-C-12,,
211,C 마목 중개,C2 게시 재활용,개발 지원 · 기관 B,ADM-02 ①③,위장게시 룰이 적중하도록 설정한 뒤 마목 건을 확정까지 진행한다,"① T2 행이 확인 대기가 아니라 에스컬레이션으로 생성되고 ""③ 1건"" 표시가 붙는다",I-C-21,,
212,C 마목 중개,C2 게시 재활용,관리자,ADM-02 ①③,③ [검토] → [STR 검토] + 사유 → 연계 ① 건을 거절한다,③ 행 제거·종결(STR 이관). 고객 화면에는 일반화 문구만 보이고 STR 표시가 없다,I-B-19,,
213,C 마목 중개,C2 게시 재활용,기관 B,BRK-02,새 게시를 만든다 (= 게시 #2). 이 게시는 이어지는 4개 STEP에서 계속 재사용한다,게재중,전제,,
214,C 마목 중개,C2 게시 재활용,기관 C → 기관 B,BRK-03 → BRK-04,"기관 C가 신청하고, 기관 B가 [거절]","사유 없이 거절된다. 게시자는 게재중 복귀, 신청자는 거절됨. BRK-01 재노출",U-BRK04-04 · I-C-03,,
215,C 마목 중개,C2 게시 재활용,기관 E,BRK-03,다른 기관(E)이 같은 게시 #2에 신청한다,거절 후 다른 기관이 신청할 수 있다,I-C-03,,
216,C 마목 중개,C2 게시 재활용,기관 A,BRK-01 · BRK-03,기관 A가 협의중인 게시 #2 행을 클릭한다,행은 클릭되고 상세가 열리되 [신청]이 비활성. 동시 신청 1건 제한,U-BRK01-03 · U-BRK03-07 · I-C-08,,
217,C 마목 중개,C2 게시 재활용,QA → 개발팀,슬랙,[R-21] 아래 문구를 그대로 슬랙에 보내고 완료 회신을 받는다.  「[QA 요청] 게시 (게시 #2 번호를 적어 보낼 것)에 걸린 기관 E의 신청을 유효기한 2영업일 경과로 만료시켜 주세요. 대상 RFQ_APPLICATION 유효기한 필드를 현재 이전으로. PB-05 확인용입니다.」,"완료 회신을 받았고, 변경이 실제로 반영됐는지 화면이나 조회로 1회 확인했다",지원요청 R-21,,
218,C 마목 중개,C2 게시 재활용,QA (요청 반영 후),-,만료 후 양측 화면과 게시 상태를 확인한다,"게시자는 게재중 복귀·카드 제거, 신청자는 만료로 종결",I-C-04,,
219,C 마목 중개,C2 게시 재활용,기관 C,BRK-03,기관 C가 게시 #2에 다시 신청한다 (회수 실험용 대기 신청 확보),협의중,전제,,
220,C 마목 중개,C2 게시 재활용,기관 B,BRK-06,[게시 중단] 버튼 라벨을 확인하고 클릭한다,"버튼은 ""게시 중단"", 상태명은 ""회수"". 확인 다이얼로그가 뜬다",U-BRK06-05·06 · I-C-05,,
221,C 마목 중개,C2 게시 재활용,기관 B · C,BRK-06 · BRK-07 · BRK-01,다이얼로그를 승인하고 양측·목록을 확인한다,"게시자 회수, 신청자 종결 사유 ""게시 회수"". BRK-01 즉시 제외. 대기 신청 자동 종결. 자산 이동·수수료 없음. 신청자에게 이메일 ④",U-BRK01-06 · I-C-05,,
222,C 마목 중개,C2 게시 재활용,기관 B,BRK-06,게재중 상태와 협의중 상태에서 각각 [게시 중단] 다이얼로그를 열어 비교한다,협의중일 때만 대기 신청 자동 종결 문장이 추가된다,U-BRK06-09,,
223,C 마목 중개,C2 게시 재활용,기관 B,BRK-06,회수된 게시 #2에서 [게시 중단]을 다시 눌러본다,게재중·협의중에서만 활성이므로 비활성,U-BRK06-07,,
224,C 마목 중개,C3 만료·중지,기관 B,BRK-06,게시 #3을 만들고 기관 C가 신청해 협의중까지 만든다. 게시번호를 시트에 적는다,협의중,전제,,
225,C 마목 중개,C3 만료·중지,QA → 개발팀,슬랙,[R-22] 아래 문구를 그대로 슬랙에 보내고 완료 회신을 받는다.  「[QA 요청] 게시 (게시 #3 번호를 적어 보낼 것)를 유효기간 30일 경과로 만료시켜 주세요. 대상 RFQ_INTENT 유효기간 필드를 현재 이전으로. 협의중인 신청이 함께 종결되는지 볼 것이라 신청 행은 살려둔 채로 부탁드립니다. PB-07 확인용입니다.」,"완료 회신을 받았고, 변경이 실제로 반영됐는지 화면이나 조회로 1회 확인했다",지원요청 R-22,,
226,C 마목 중개,C3 만료·중지,기관 B · 기관 C,BRK-02 · BRK-03,만료 처리 후 게시자·신청자 양측 화면을 확인한다,협의중,I-C-06,,
227,C 마목 중개,C3 만료·중지,QA → 개발팀,슬랙,[R-23] 아래 문구를 그대로 슬랙에 보내고 완료 회신을 받는다.  「[QA 요청] 게시 (게시 #4 번호를 적어 보낼 것)의 price guard 기준가 대비 +2.5% 이탈이 되도록 시세를 주입해 주세요. 임계는 2.0%입니다. PB-08 확인용입니다.」,"완료 회신을 받았고, 변경이 실제로 반영됐는지 화면이나 조회로 1회 확인했다",지원요청 R-23,,
228,C 마목 중개,C3 만료·중지,QA (요청 반영 후),-,시세 주입 후 게시 상태를 확인한다,price guard 자동 중지가 발동한다,I-C-07,,
229,C 마목 중개,C3 만료·중지,기관 B · C,BRK-06 · BRK-04 · BRK-01,양측과 목록을 확인한다. 어드민 ④도 본다,게시자 중지·신청자 종결. BRK-04 [수락] 비활성. BRK-01 제외. 어드민 알림은 없다,U-BRK04-05 · I-C-07,,
230,C 마목 중개,C3 만료·중지,QA → 개발팀,슬랙,[R-24] 아래 문구를 그대로 슬랙에 보내고 완료 회신을 받는다.  「[QA 요청] 시세 소스를 중단 상태로 둔 채 이탈 값을 다시 주입해 주세요. 중단 중에는 price guard 판정도 멈추는지 확인용입니다. 확인 후 정상 복구 부탁드립니다.」,"완료 회신을 받았고, 변경이 실제로 반영됐는지 화면이나 조회로 1회 확인했다",지원요청 R-24,,
231,C 마목 중개,C3 만료·중지,QA (요청 반영 후),-,중단 상태에서 이탈 값이 들어간 뒤 게시 상태를 확인한다,시세 중단 중에는 price guard 판정도 멈춘다,I-C-07,,
232,C 마목 중개,C3 만료·중지,기관 B,BRK-02,중지된 게시를 재개할 방법을 찾아본다,재개 동선이 없고 재게시로만 가능하다,I-C-07,,
233,C 마목 중개,C4 보류·중지,기관 B · C · 관리자,ADM-02 ① · BRK-05,게시 #5를 확정까지 만든 뒤 ① T2 행에 사유를 넣어 [보류],"BRK-05에 ""이전 보류"" 배너(일반화 사유). HOLD 유지·만료 시한 없음",U-BRK05-05 · I-C-09,,
234,C 마목 중개,C4 보류·중지,관리자,ADM-02 ①,건을 보완했다고 보고 [승인] → 예치·인도까지 완결한다,보류에서 승인으로 재검토되어 정상 완결된다,I-C-09,,
235,C 마목 중개,C4 보류·중지,기관 B · C · 관리자,ADM-02 ①,게시 #6을 확정까지 만든 뒤 ① T2 행에 사유를 넣어 [이전 중지],종결·되돌릴 수 없음. 자산 이동 없고 수수료 미부과,U-ADM02-23 · I-C-10,,
236,C 마목 중개,C4 보류·중지,관리자,ADM-02 ①,별도 건을 ① [보류]로 둔 뒤 같은 행에서 [이전 중지]를 누른다,보류에서 이전 중지로 가는 경로도 종결된다,I-C-10,,
237,C 마목 중개,C4 보류·중지,기관 B · C,BRK-05,양측 화면을 본다,이전 중지 배너가 보인다,U-BRK05-05 · I-C-10,,
238,C 마목 중개,C4 보류·중지,기관 B · C · 관리자,ADM-02 ②,"게시 #7을 확정·승인해 예치 2건을 완료시킨 뒤, ② 예치·인도 행에서 [이전 중지] + 사유",남은 예치·인도 행이 제거되고 예치 건수만큼 반환 행이 생긴다. 수수료 미부과,U-ADM02-24 · I-C-11,,
239,C 마목 중개,C4 보류·중지,관리자,ADM-02 ②,반환 행을 일치 txhash로 [완료],반환이 콜드 집행으로 완결된다,I-C-11,,
240,C 마목 중개,C4 보류·중지,관리자,ADM-02 ②,반환 행과 수수료 스윕 행에 각각 명세와 다른 txhash로 [완료]를 시도한다,두 유형 모두 완료가 차단되고 ④ N3 알림,I-C-22,,
241,C 마목 중개,C4 보류·중지,기관 B · C,BRK-05,양측 화면을 본다,이전 중지 배너와 반환 안내가 보인다,U-BRK05-05 · I-C-11,,
242,C 마목 중개,C5 예외,기관 B · C · 관리자,ADM-02 ②④,게시 #8을 확정·승인한 뒤 예치 행에 불일치 txhash로 [완료]를 시도,완료 차단·행 정지. 인도 자동 생성도 정지. ④ N3 알림,I-C-14,,
243,C 마목 중개,C5 예외,관리자,ADM-02 ②④,정정 후 [조치 완료 · 정정 완료 재대사] → 예치·인도를 완결한다,② 행이 재활성되어 완결된다,I-C-14,,
244,C 마목 중개,C5 예외,기관 B · C · 관리자,ADM-02 ②,게시 #9를 확정·승인해 예치 2건을 완료시킨다,예치 2건 완료. 기관 B가 아직 02 활성이어야 여기까지 온다,전제,,
245,C 마목 중개,C5 예외,QA → 개발팀,슬랙,[R-25] 아래 문구를 그대로 슬랙에 보내고 완료 회신을 받는다.  「[QA 요청] 기관 B를 04 거래중지로 바꾸고 관문을 태워 주세요. 예치가 이미 끝난 건의 반환 행 생성(AC-08) 확인용입니다.」,"완료 회신을 받았고, 변경이 실제로 반영됐는지 화면이나 조회로 1회 확인했다",지원요청 R-25,,
246,C 마목 중개,C5 예외,기관 B · C · 관리자,ADM-02 ② · BRK-05,기관 B 비활성 반영 후 ② 목록과 BRK-05를 확인한다,반환 행이 생성된다(ST-06과 동일). BRK-05 이전 중지 배너. 이메일 ⑤,I-C-16,,
247,C 마목 중개,C5 예외,개발 지원 · 관리자,ADM-02 ②· BRK-05,"기관 B를 02로 되돌린 뒤, 예치 2건이 완료된 마목 건에 커스터디 중지 알림을 발신하게 한다",미집행 ② 행 거절 · 거래 거절 · 예치 완료분 반환 행 생성. BRK-05에 이전 중지 배너와 반환 안내. 사유는 안 나온다,I-C-19,,
248,C 마목 중개,C5 예외,관리자,ADM-02 ①②,해당 기관의 ① 대기 행과 ② 미집행 행이 있는 상태에서 기관을 02 외로 만든다,① 행 전부 제거·종결(거절). ② 미집행 행 제거. 마목이면 반환 행 생성,U-ADM02-30,,
249,C 마목 중개,C5 예외,QA → 개발팀,슬랙,[R-26] 아래 문구를 그대로 슬랙에 보내고 완료 회신을 받는다.  「[QA 요청] 기관 B를 02 활성으로 되돌려 주세요.」,"완료 회신을 받았고, 변경이 실제로 반영됐는지 화면이나 조회로 1회 확인했다",지원요청 R-26,,
250,C 마목 중개,C5 예외,QA (요청 반영 후),-,기관 B가 다시 거래 가능한지 확인한다,복구,전제,,
251,C 마목 중개,C5 예외,QA → 개발팀,슬랙,[R-27] 아래 문구를 그대로 슬랙에 보내고 완료 회신을 받는다.  「[QA 요청] 수수료 스윕 정책 주기 배치를 지금 강제 실행해 주세요. ST-09 확인용입니다.」,"완료 회신을 받았고, 변경이 실제로 반영됐는지 화면이나 조회로 1회 확인했다",지원요청 R-27,,
252,C 마목 중개,C5 예외,관리자,ADM-02 ②,배치 실행 후 ② 목록을 확인한다,에스크로 잔여가 자산별 1행으로 묶여 스윕 행이 생긴다,U-ADM02-27 · I-C-15,,
253,C 마목 중개,C5 예외,관리자,ADM-02 ②,스윕 행을 [완료],운영 지갑(수수료풀)으로 이전된다. 고객 화면과 무관,I-C-15,,
254,D 교차·마무리,D1 잠금 이관,기관 D · 관리자,ADM-02 ①②④,"기관 D로 ① 대기 1건과 ② 미집행 1건을 만들어 둔 뒤, 기관 D를 로그인 실패 5회로 잠근다",④에 T8 행이 생긴다,전제,,
255,D 교차·마무리,D1 잠금 이관,관리자,ADM-02 ④,④ T8 행에서 [확인] → [조치 완료 · 잠금 유지·이관] + 사유,로그인 불가 유지. ③ AML 행 생성. 커스터디 통보. ①② 대기 건 일괄 거절. 통지하지 않는다,I-A-06,,
256,D 교차·마무리,D1 잠금 이관,관리자,ADM-03,기관 D의 상태 칩을 본다,이 시스템은 기관 상태를 바꾸지 않는다. 칩은 커스터디 조회값 그대로,I-A-06,,
257,D 교차·마무리,D2 3면 대사,QA → 개발팀,슬랙,[R-28] 아래 문구를 그대로 슬랙에 보내고 완료 회신을 받는다.  「[QA 요청] 3면 대사(내부 장부·온체인·커스터디 콜드 기록) 중 한 값을 어긋나게 만들고 대사 배치를 돌려 주세요. 대상 지갑은 고객 수탁·운영·나목 재고·에스크로 중 아무거나 좋습니다. 확인이 끝나면 일치로 되돌려 주셔야 종결 테스트가 됩니다. OP-04 확인용입니다.」,"완료 회신을 받았고, 변경이 실제로 반영됐는지 화면이나 조회로 1회 확인했다",지원요청 R-28,,
258,D 교차·마무리,D2 3면 대사,관리자,ADM-02 ④,대사 배치 결과를 ④ 목록에서 확인한다,④ X3 알림 생성. 대상은 고객 수탁·운영·나목 재고·에스크로 4묶음. 해당 지갑 신규 이전 정지,I-B-18,,
259,D 교차·마무리,D2 3면 대사,관리자,ADM-02 ④,불일치를 남긴 채 [조치 완료]를 눌러본다. 이어서 일치시킨 뒤 다시 누른다,최신 배치가 일치일 때만 종결이 활성된다,I-B-18,,
260,D 교차·마무리,D2 3면 대사,관리자,ADM-02 ④,불일치가 난 지갑을 거치는 신규 이전을 시도한다,그 지갑의 신규 이전이 정지된다(정지 범위는 [확인필요]),I-B-18,,
261,D 교차·마무리,D3 알림 유형,관리자,ADM-02 ④,④ 목록에서 지금까지 생긴 유형을 훑는다,N1 시세중단 · N2 재고부족 · N3 대사불일치 · X3 3면대사 · T8 계정잠금 5종,U-ADM02-18,,
262,D 교차·마무리,D4 집계 없음,관리자,ADM-02,홈 전체를 훑는다,어느 화면에도 건수 집계·KPI 카드가 없다,U-ADM02-20,,
263,D 교차·마무리,D5 권한·동시성,QA,ADM-02,고객 세션으로 어드민 API를 직접 호출한다,권한 오류로 차단된다,I-X-05,,
264,D 교차·마무리,D5 권한·동시성,관리자 2명,ADM-02 ①②,두 관리자가 같은 행을 열어두고 동시에 처리 버튼을 누른다,선행만 반영되고 후행은 차단된다,I-X-04,,
265,D 교차·마무리,D6 CSV,관리자,ADM-02,데이터 다운로드에서 CSV 6종을 받아 화면 값과 대조한다,전체 기간 1파일 동기 생성. 어드민 CSV는 원화 표기 유지. 원장은 수탁·운영·재고·에스크로 4분할,U-ADM02-21 · I-X-06,,
266,D 교차·마무리,D6 CSV,관리자,ADM-02,CSV ④에서 나목 스프레드 수익과 마목 중개수수료를 화면 값과 대조한다,구분회계에 기록돼 있고 금액이 화면과 같다. 마목은 인도 집행 시점 기록,I-X-09,,
267,D 교차·마무리,D6 CSV,기관 A,DASH-01,[활동 로그 다운로드 (CSV)]를 받는다,전체 기간 1파일. 원화 환산이 없다. 다운로드 이력 화면도 없다,U-DASH01-09 · I-X-06,,
268,D 교차·마무리,D7 배너,기관 A,전 화면,완료 배너와 실패 배너를 각각 만들어 확인한다,완료 배너는 닫기·자동 닫힘이 없는 고정 배너. 실패 배너는 1종이며 최신 값 재조회를 제공한다,I-X-02,,
269,D 교차·마무리,D8 감사로그,관리자,ADM-02,지금까지의 모든 관리자 처리 액션에 대해 감사로그를 조회한다,로그인·로그아웃·비밀번호 변경·2FA 재설정·승인·보류·거절·이전 중지·완료에 관리자 ID와 시각이 남아 있다,I-A-13,,
